33,619,16,critical
33,619,16,not-critical
33,619,16,critical
33,619,16,not-critical
33,619,16,critical
33,619,16,not-critical
33,619,16,critical
33,619,16,not-critical
33,619,16,critical
33,619,16,critical
33,619,16,critical
33,619,16,critical
33,619,16,not-critical
33,619,16,not-critical
33,619,16,critical
33,619,16,not-critical
33,619,16,not-critical
33,619,16,not-critical
33,619,16,not-critical
33,619,16,not-critical
33,619,16,critical
33,619,16,not-critical
33,619,16,not-critical
33,619,16,critical
33,619,16,critical
33,619,16,critical
33,619,16,critical
33,619,16,critical
33,619,16,critical
33,619,16,critical
33,619,16,not-critical
33,619,16,critical
33,619,16,critical
33,619,16,not-critical
33,619,16,critical
33,619,16,not-critical
33,619,16,critical
33,619,16,not-critical
33,619,16,critical
33,619,16,not-critical
33,619,16,critical
33,619,16,critical
33,619,16,not-critical
33,619,16,critical
33,619,16,critical
33,619,16,critical
33,619,16,critical
33,619,16,critical
33,619,16,critical
33,619,16,not-critical
33,619,16,critical
33,619,16,critical
33,619,16,critical
33,619,16,critical
33,619,16,not-critical
33,619,16,not-critical
33,619,16,critical
33,619,16,not-critical
33,619,16,not-critical
33,619,16,critical
33,619,16,critical
33,619,16,not-critical
33,619,16,critical
33,619,16,not-critical
33,619,16,not-critical
33,619,16,not-critical
33,619,16,critical
33,619,16,not-critical
33,619,16,critical
33,619,16,critical
33,619,16,not-critical
33,619,16,critical
33,619,16,critical
33,619,16,critical
33,619,16,critical
33,619,16,critical
33,619,16,critical
33,619,16,critical
33,619,16,critical
33,619,16,not-critical
33,619,16,critical
33,619,16,critical
33,619,16,not-critical
33,619,16,critical
33,619,16,critical
33,619,16,critical
33,619,16,critical
33,619,16,not-critical
33,619,16,critical
33,619,16,critical
33,619,16,critical
33,619,16,not-critical
33,619,16,not-critical
33,619,16,critical
33,619,16,critical
33,619,16,not-critical
33,619,16,not-critical
33,619,16,critical
33,619,16,critical
33,619,16,not-critical
33,619,16,critical
33,619,16,critical
33,619,16,critical
33,619,16,critical
33,619,16,critical
33,619,16,not-critical
33,619,16,critical
33,619,16,critical
33,619,16,not-critical
33,619,16,critical
33,619,16,not-critical
33,619,16,not-critical
33,619,16,not-critical
33,619,16,critical
33,619,16,critical
33,619,16,not-critical
33,619,16,not-critical
33,619,16,critical
33,619,16,critical
33,619,16,not-critical
33,619,16,critical
33,619,16,critical
33,619,16,critical
33,619,16,not-critical
33,619,16,critical
33,619,16,not-critical
33,619,16,not-critical
33,619,16,critical
33,619,16,not-critical
33,619,16,critical
33,619,16,not-critical
33,619,16,not-critical
33,619,16,critical
33,619,16,critical
33,619,16,not-critical
33,619,16,critical
33,619,16,not-critical
33,619,16,critical
33,619,16,critical
33,619,16,not-critical
33,619,16,not-critical
33,619,16,critical
33,619,16,not-critical
33,619,16,critical
33,619,16,critical
33,619,16,critical
33,619,16,not-critical
33,619,16,critical
33,619,16,critical
33,619,16,critical
33,619,16,critical
33,619,16,critical
33,619,16,critical
33,619,16,critical
33,619,16,critical
33,619,16,critical
33,619,16,critical
33,619,16,critical
33,619,16,critical
33,619,16,not-critical
33,619,16,critical
33,619,16,critical
33,619,16,critical
33,619,16,not-critical
33,619,16,critical
33,619,16,critical
33,619,16,critical
33,619,16,not-critical
33,619,16,not-critical
33,619,16,not-critical
33,619,16,not-critical
33,619,16,critical
33,619,16,critical
33,619,16,not-critical
33,619,16,critical
33,619,16,not-critical
33,619,16,not-critical
33,619,16,critical
33,619,16,not-critical
33,619,16,not-critical
33,619,16,critical
33,619,16,not-critical
33,619,16,not-critical
33,619,16,critical
33,619,16,critical
33,619,16,critical
33,619,16,critical
33,619,16,critical
33,619,16,critical
33,619,16,not-critical
33,619,16,critical
33,619,16,critical
33,619,16,not-critical
33,619,16,critical
33,619,16,not-critical
33,619,16,critical
33,619,16,not-critical
33,619,16,critical
33,619,16,not-critical
33,619,16,not-critical
33,619,16,not-critical
33,619,16,not-critical
33,619,16,critical
33,619,16,critical
33,619,16,critical
33,619,16,not-critical
33,619,16,critical
33,619,16,not-critical
33,619,16,critical
33,619,16,critical
33,619,16,not-critical
33,619,16,not-critical
33,619,16,not-critical
33,619,16,not-critical
33,619,16,critical
33,619,16,critical
33,619,16,critical
33,619,16,not-critical
33,619,16,not-critical
33,619,16,critical
33,619,16,critical
33,619,16,critical
33,619,16,critical
33,619,16,not-critical
33,619,16,critical
33,631,16,not-critical
33,631,16,not-critical
33,631,16,critical
33,631,16,critical
33,631,16,critical
33,631,16,critical
33,631,16,critical
33,631,16,not-critical
33,631,16,critical
33,631,16,critical
33,631,16,not-critical
33,631,16,critical
33,631,16,critical
33,631,16,not-critical
33,631,16,critical
33,631,16,critical
33,631,16,critical
33,631,16,critical
33,631,16,not-critical
33,631,16,critical
33,631,16,critical
33,631,16,not-critical
33,631,16,critical
33,631,16,critical
33,631,16,critical
33,631,16,critical
33,631,16,critical
33,631,16,not-critical
33,631,16,not-critical
33,631,16,not-critical
33,631,16,not-critical
33,631,16,critical
33,631,16,critical
33,631,16,not-critical
33,631,16,not-critical
33,631,16,critical
33,631,16,not-critical
33,631,16,critical
33,631,16,critical
33,631,16,critical
33,631,16,critical
33,631,16,critical
33,631,16,critical
33,631,16,critical
33,631,16,not-critical
33,631,16,not-critical
33,631,16,critical
33,631,16,not-critical
33,631,16,critical
33,631,16,not-critical
33,631,16,not-critical
33,631,16,critical
33,631,16,critical
33,631,16,not-critical
33,631,16,critical
33,631,16,not-critical
33,631,16,critical
33,631,16,not-critical
33,631,16,not-critical
33,631,16,critical
33,631,16,not-critical
33,631,16,critical
33,631,16,critical
33,631,16,critical
33,631,16,critical
33,631,16,not-critical
33,631,16,not-critical
33,631,16,critical
33,631,16,not-critical
33,631,16,not-critical
33,631,16,critical
33,631,16,not-critical
33,631,16,critical
33,631,16,critical
33,631,16,critical
33,631,16,not-critical
33,631,16,not-critical
33,631,16,critical
33,631,16,critical
33,631,16,critical
33,631,16,critical
33,631,16,critical
33,631,16,not-critical
33,631,16,critical
33,631,16,not-critical
33,631,16,critical
33,631,16,critical
33,631,16,not-critical
33,631,16,critical
33,631,16,critical
33,631,16,critical
33,631,16,critical
33,631,16,not-critical
33,631,16,critical
33,631,16,critical
33,631,16,critical
33,631,16,critical
33,631,16,not-critical
33,631,16,critical
33,631,16,not-critical
33,631,16,critical
33,631,16,critical
33,631,16,critical
33,631,16,not-critical
33,631,16,not-critical
33,631,16,not-critical
33,631,16,critical
33,631,16,critical
33,631,16,critical
33,631,16,not-critical
33,631,16,not-critical
33,631,16,not-critical
33,631,16,not-critical
33,631,16,not-critical
33,631,16,critical
33,631,16,critical
33,631,16,critical
33,631,16,critical
33,631,16,critical
33,631,16,critical
33,631,16,critical
33,631,16,not-critical
33,631,16,not-critical
33,631,16,critical
33,631,16,not-critical
33,631,16,not-critical
33,631,16,not-critical
33,631,16,critical
33,631,16,critical
33,631,16,critical
33,631,16,critical
33,631,16,critical
33,631,16,critical
33,631,16,critical
33,631,16,not-critical
33,631,16,critical
33,631,16,critical
33,631,16,critical
33,631,16,not-critical
33,631,16,critical
33,631,16,critical
33,631,16,critical
33,631,16,critical
33,631,16,not-critical
33,631,16,critical
33,631,16,not-critical
33,631,16,critical
33,631,16,critical
33,631,16,critical
33,631,16,not-critical
33,631,16,not-critical
33,631,16,critical
33,631,16,critical
33,631,16,critical
33,631,16,not-critical
33,631,16,critical
33,631,16,critical
33,631,16,critical
33,631,16,not-critical
33,631,16,critical
33,631,16,critical
33,631,16,critical
33,631,16,not-critical
33,631,16,not-critical
33,631,16,critical
33,631,16,not-critical
33,631,16,critical
33,631,16,critical
33,631,16,not-critical
33,631,16,not-critical
33,631,16,critical
33,631,16,not-critical
33,631,16,not-critical
33,631,16,critical
33,631,16,critical
33,631,16,critical
33,631,16,critical
33,631,16,critical
33,631,16,not-critical
33,631,16,not-critical
33,631,16,critical
33,631,16,critical
33,631,16,not-critical
33,631,16,critical
33,631,16,critical
33,631,16,critical
33,631,16,not-critical
33,631,16,critical
33,631,16,not-critical
33,631,16,not-critical
33,631,16,critical
33,631,16,critical
33,631,16,critical
33,631,16,critical
33,631,16,critical
33,631,16,critical
33,631,16,critical
33,631,16,critical
33,631,16,critical
33,631,16,not-critical
33,631,16,critical
33,631,16,not-critical
33,631,16,critical
33,631,16,not-critical
33,631,16,critical
33,631,16,critical
33,631,16,critical
33,631,16,critical
33,631,16,critical
33,631,16,not-critical
33,631,16,critical
33,631,16,critical
33,631,16,not-critical
33,631,16,not-critical
33,631,16,not-critical
33,631,16,not-critical
33,631,16,not-critical
33,631,16,critical
33,631,16,critical
33,631,16,not-critical
33,631,16,not-critical
33,631,16,critical
33,631,16,critical
33,631,16,not-critical
33,631,16,critical
33,570,18,critical
33,570,18,not-critical
33,570,18,critical
33,570,18,not-critical
33,570,18,not-critical
33,570,18,critical
33,570,18,critical
33,570,18,not-critical
33,570,18,critical
33,570,18,critical
33,570,18,critical
33,570,18,critical
33,570,18,critical
33,570,18,not-critical
33,570,18,critical
33,570,18,not-critical
33,570,18,critical
33,570,18,not-critical
33,570,18,not-critical
33,570,18,critical
33,570,18,not-critical
33,570,18,critical
33,570,18,critical
33,570,18,critical
33,570,18,critical
33,570,18,not-critical
33,570,18,critical
33,570,18,critical
33,570,18,critical
33,570,18,critical
33,570,18,critical
33,570,18,critical
33,570,18,critical
33,570,18,not-critical
33,570,18,not-critical
33,570,18,not-critical
33,570,18,critical
33,570,18,critical
33,570,18,not-critical
33,570,18,critical
33,570,18,not-critical
33,570,18,not-critical
33,570,18,not-critical
33,570,18,not-critical
33,570,18,critical
33,570,18,critical
33,570,18,not-critical
33,570,18,critical
33,570,18,critical
33,570,18,critical
33,570,18,critical
33,570,18,critical
33,570,18,not-critical
33,570,18,critical
33,570,18,critical
33,570,18,not-critical
33,570,18,not-critical
33,570,18,critical
33,570,18,critical
33,570,18,critical
33,570,18,critical
33,570,18,not-critical
33,570,18,critical
33,570,18,critical
33,570,18,critical
33,570,18,critical
33,570,18,not-critical
33,570,18,not-critical
33,570,18,not-critical
33,570,18,not-critical
33,570,18,not-critical
33,570,18,critical
33,570,18,not-critical
33,570,18,not-critical
33,570,18,critical
33,570,18,not-critical
33,570,18,critical
33,570,18,not-critical
33,570,18,critical
33,570,18,critical
33,570,18,critical
33,570,18,critical
33,570,18,critical
33,570,18,not-critical
33,570,18,critical
33,570,18,critical
33,570,18,critical
33,570,18,not-critical
33,570,18,not-critical
33,570,18,critical
33,570,18,not-critical
33,570,18,critical
33,570,18,critical
33,570,18,critical
33,570,18,critical
33,570,18,not-critical
33,570,18,not-critical
33,570,18,not-critical
33,570,18,critical
33,570,18,critical
33,570,18,critical
33,570,18,not-critical
33,570,18,critical
33,570,18,critical
33,570,18,critical
33,570,18,critical
33,570,18,critical
33,570,18,critical
33,570,18,not-critical
33,570,18,not-critical
33,570,18,critical
33,570,18,critical
33,570,18,not-critical
33,570,18,critical
33,570,18,critical
33,570,18,critical
33,570,18,critical
33,570,18,not-critical
33,570,18,not-critical
33,570,18,critical
33,570,18,not-critical
33,570,18,critical
33,570,18,critical
33,570,18,critical
33,570,18,critical
33,570,18,critical
33,570,18,critical
33,570,18,critical
33,570,18,not-critical
33,570,18,critical
33,570,18,not-critical
33,570,18,critical
33,570,18,critical
33,570,18,critical
33,570,18,critical
33,570,18,critical
33,570,18,critical
33,570,18,critical
33,570,18,critical
33,570,18,critical
33,570,18,not-critical
33,570,18,critical
33,570,18,critical
33,570,18,critical
33,570,18,critical
33,570,18,not-critical
33,570,18,not-critical
33,570,18,critical
33,570,18,not-critical
33,570,18,critical
33,570,18,critical
33,570,18,not-critical
33,570,18,critical
33,570,18,not-critical
33,570,18,not-critical
33,570,18,not-critical
33,570,18,critical
33,570,18,not-critical
33,570,18,critical
33,570,18,not-critical
33,570,18,critical
33,570,18,critical
33,570,18,critical
33,570,18,critical
33,570,18,not-critical
33,570,18,not-critical
33,570,18,critical
33,570,18,not-critical
33,570,18,not-critical
33,570,18,not-critical
33,570,18,not-critical
33,570,18,not-critical
33,570,18,critical
33,570,18,not-critical
33,570,18,critical
33,570,18,not-critical
33,570,18,critical
33,570,18,critical
33,570,18,not-critical
33,570,18,not-critical
33,570,18,not-critical
33,570,18,critical
33,570,18,critical
33,570,18,critical
33,570,18,critical
33,570,18,critical
33,570,18,not-critical
33,570,18,critical
33,570,18,not-critical
33,570,18,not-critical
33,570,18,not-critical
33,570,18,not-critical
33,570,18,critical
33,570,18,critical
33,570,18,critical
33,570,18,critical
33,570,18,critical
33,570,18,critical
33,570,18,critical
33,570,18,critical
33,563,21,not-critical
33,563,21,not-critical
33,563,21,not-critical
33,563,21,not-critical
33,563,21,critical
33,563,21,critical
33,563,21,critical
33,563,21,not-critical
33,563,21,critical
33,563,21,critical
33,563,21,not-critical
33,563,21,critical
33,563,21,not-critical
33,563,21,critical
33,563,21,critical
33,563,21,critical
33,563,21,not-critical
33,563,21,critical
33,563,21,critical
33,563,21,critical
33,563,21,critical
33,563,21,not-critical
33,563,21,critical
33,563,21,not-critical
33,563,21,not-critical
33,563,21,not-critical
33,563,21,not-critical
33,563,21,not-critical
33,563,21,not-critical
33,563,21,critical
33,563,21,not-critical
33,563,21,critical
33,563,21,critical
33,563,21,critical
33,563,21,critical
33,563,21,critical
33,563,21,critical
33,563,21,critical
33,563,21,not-critical
33,563,21,not-critical
33,563,21,critical
33,563,21,critical
33,563,21,critical
33,563,21,critical
33,563,21,not-critical
33,563,21,critical
33,563,21,not-critical
33,563,21,critical
33,563,21,not-critical
33,563,21,not-critical
33,563,21,not-critical
33,563,21,not-critical
33,563,21,not-critical
33,563,21,critical
33,563,21,critical
33,563,21,not-critical
33,563,21,critical
33,563,21,critical
33,563,21,not-critical
33,563,21,critical
33,563,21,critical
33,563,21,critical
33,563,21,critical
33,563,21,critical
33,563,21,not-critical
33,563,21,not-critical
33,563,21,critical
33,563,21,critical
33,563,21,critical
33,563,21,critical
33,563,21,critical
33,563,21,critical
33,563,21,critical
33,563,21,not-critical
33,563,21,critical
33,563,21,critical
33,563,21,critical
33,563,21,critical
33,563,21,critical
33,563,21,not-critical
33,563,21,critical
33,563,21,critical
33,563,21,critical
33,563,21,critical
33,563,21,not-critical
33,563,21,critical
33,563,21,not-critical
33,563,21,critical
33,563,21,critical
33,563,21,critical
33,563,21,not-critical
33,563,21,critical
33,563,21,critical
33,563,21,critical
33,563,21,critical
33,563,21,critical
33,563,21,critical
33,563,21,critical
33,563,21,critical
33,563,21,critical
33,563,21,not-critical
33,563,21,critical
33,563,21,critical
33,563,21,not-critical
33,563,21,critical
33,563,21,critical
33,563,21,critical
33,563,21,critical
33,563,21,critical
33,563,21,not-critical
33,563,21,critical
33,563,21,critical
33,563,21,not-critical
33,563,21,critical
33,563,21,critical
33,563,21,not-critical
33,563,21,critical
33,563,21,not-critical
33,563,21,critical
33,563,21,critical
33,563,21,not-critical
33,563,21,critical
33,563,21,not-critical
33,563,21,critical
33,563,21,critical
33,563,21,critical
33,563,21,not-critical
33,563,21,critical
33,563,21,critical
33,563,21,not-critical
33,563,21,not-critical
33,563,21,not-critical
33,563,21,critical
33,563,21,critical
33,563,21,critical
33,563,21,critical
33,563,21,critical
33,563,21,critical
33,563,21,not-critical
33,563,21,not-critical
33,563,21,critical
33,563,21,not-critical
33,563,21,critical
33,563,21,critical
33,563,21,critical
33,563,21,not-critical
33,563,21,critical
33,563,21,critical
33,563,21,not-critical
33,563,21,critical
33,563,21,not-critical
33,563,21,not-critical
33,563,21,not-critical
33,563,21,critical
33,563,21,critical
33,563,21,critical
33,563,21,not-critical
33,563,21,not-critical
33,563,21,critical
33,563,21,critical
33,563,21,critical
33,563,21,critical
33,563,21,critical
33,563,21,not-critical
33,563,21,critical
33,563,21,critical
33,563,21,critical
33,563,21,not-critical
33,563,21,critical
33,563,21,critical
33,563,21,critical
33,563,21,critical
33,572,21,critical
33,572,21,not-critical
33,572,21,critical
33,572,21,not-critical
33,572,21,critical
33,572,21,not-critical
33,572,21,not-critical
33,572,21,not-critical
33,572,21,not-critical
33,572,21,critical
33,572,21,critical
33,572,21,critical
33,572,21,not-critical
33,572,21,critical
33,572,21,critical
33,572,21,critical
33,572,21,critical
33,572,21,not-critical
33,572,21,not-critical
33,572,21,critical
33,572,21,critical
33,572,21,not-critical
33,572,21,critical
33,572,21,critical
33,572,21,critical
33,572,21,not-critical
33,572,21,not-critical
33,572,21,critical
33,572,21,not-critical
33,572,21,not-critical
33,572,21,not-critical
33,572,21,not-critical
33,572,21,not-critical
33,572,21,critical
33,572,21,critical
33,572,21,not-critical
33,572,21,not-critical
33,572,21,not-critical
33,572,21,not-critical
33,572,21,critical
33,572,21,not-critical
33,572,21,critical
33,572,21,critical
33,572,21,not-critical
33,572,21,critical
33,572,21,not-critical
33,572,21,not-critical
33,572,21,critical
33,572,21,critical
33,572,21,critical
33,572,21,not-critical
33,572,21,not-critical
33,572,21,not-critical
33,572,21,not-critical
33,572,21,not-critical
33,572,21,critical
33,572,21,critical
33,572,21,critical
33,572,21,critical
33,572,21,not-critical
33,572,21,critical
33,572,21,critical
33,572,21,not-critical
33,572,21,critical
33,572,21,not-critical
33,572,21,not-critical
33,572,21,critical
33,572,21,critical
33,572,21,critical
33,572,21,critical
33,572,21,not-critical
33,572,21,critical
33,572,21,not-critical
33,572,21,critical
33,572,21,not-critical
33,572,21,critical
33,572,21,critical
33,572,21,critical
33,572,21,critical
33,572,21,not-critical
33,572,21,critical
33,572,21,critical
33,572,21,critical
33,572,21,critical
33,572,21,critical
33,572,21,critical
33,572,21,critical
33,572,21,critical
33,572,21,not-critical
33,572,21,not-critical
33,572,21,not-critical
33,572,21,not-critical
33,572,21,critical
33,572,21,critical
33,572,21,not-critical
33,572,21,critical
33,572,21,not-critical
33,572,21,critical
33,572,21,not-critical
33,572,21,critical
33,572,21,not-critical
33,572,21,critical
33,572,21,critical
33,572,21,critical
33,572,21,critical
33,572,21,critical
33,572,21,critical
33,572,21,critical
33,572,21,not-critical
33,572,21,not-critical
33,572,21,not-critical
33,572,21,critical
33,572,21,critical
33,572,21,not-critical
33,572,21,not-critical
33,572,21,critical
33,572,21,not-critical
33,572,21,critical
33,572,21,critical
33,572,21,critical
33,572,21,critical
33,572,21,critical
33,572,21,not-critical
33,572,21,critical
33,572,21,critical
33,572,21,critical
33,572,21,critical
33,572,21,critical
33,572,21,critical
33,572,21,critical
33,572,21,critical
33,572,21,critical
33,572,21,not-critical
33,572,21,not-critical
33,572,21,critical
33,572,21,critical
33,572,21,not-critical
33,572,21,not-critical
33,572,21,not-critical
33,572,21,not-critical
33,572,21,not-critical
33,572,21,critical
33,572,21,not-critical
33,572,21,critical
33,572,21,critical
33,572,21,not-critical
33,572,21,not-critical
33,572,21,not-critical
33,572,21,critical
33,572,21,not-critical
33,572,21,critical
33,572,21,critical
33,572,21,critical
33,572,21,critical
33,572,21,critical
33,572,21,not-critical
33,572,21,not-critical
33,572,21,critical
33,572,21,critical
33,572,21,critical
33,572,21,critical
33,572,21,critical
33,572,21,critical
33,572,21,critical
33,572,21,not-critical
33,572,21,critical
33,572,21,critical
33,572,21,critical
33,572,21,critical
33,572,21,critical
33,572,21,critical
33,533,19,not-critical
33,533,19,critical
33,533,19,critical
33,533,19,critical
33,533,19,critical
33,533,19,critical
33,533,19,critical
33,533,19,critical
33,533,19,critical
33,533,19,critical
33,533,19,not-critical
33,533,19,critical
33,533,19,critical
33,533,19,critical
33,533,19,not-critical
33,533,19,not-critical
33,533,19,not-critical
33,533,19,critical
33,533,19,not-critical
33,533,19,not-critical
33,533,19,critical
33,533,19,critical
33,533,19,not-critical
33,533,19,critical
33,533,19,critical
33,533,19,critical
33,533,19,critical
33,533,19,critical
33,533,19,not-critical
33,533,19,critical
33,533,19,critical
33,533,19,critical
33,533,19,critical
33,533,19,critical
33,533,19,critical
33,533,19,critical
33,533,19,not-critical
33,533,19,critical
33,533,19,not-critical
33,533,19,critical
33,533,19,not-critical
33,533,19,critical
33,533,19,critical
33,533,19,critical
33,533,19,not-critical
33,533,19,not-critical
33,533,19,critical
33,533,19,not-critical
33,533,19,critical
33,533,19,critical
33,533,19,not-critical
33,533,19,not-critical
33,533,19,critical
33,533,19,critical
33,533,19,critical
33,533,19,critical
33,533,19,not-critical
33,533,19,not-critical
33,533,19,critical
33,533,19,critical
33,533,19,not-critical
33,533,19,critical
33,533,19,critical
33,533,19,not-critical
33,533,19,not-critical
33,533,19,critical
33,533,19,critical
33,533,19,not-critical
33,533,19,not-critical
33,533,19,critical
33,533,19,critical
33,533,19,not-critical
33,533,19,not-critical
33,533,19,critical
33,533,19,not-critical
33,533,19,critical
33,533,19,not-critical
33,533,19,critical
33,533,19,critical
33,533,19,not-critical
33,533,19,critical
33,533,19,critical
33,533,19,not-critical
33,533,19,critical
33,533,19,critical
33,533,19,critical
33,533,19,critical
33,533,19,critical
33,533,19,critical
33,533,19,critical
33,533,19,not-critical
33,533,19,not-critical
33,533,19,critical
33,533,19,not-critical
33,533,19,critical
33,533,19,critical
33,533,19,critical
33,533,19,not-critical
33,533,19,critical
33,533,19,critical
33,533,19,critical
33,533,19,critical
33,533,19,not-critical
33,533,19,critical
33,533,19,critical
33,533,19,not-critical
33,533,19,critical
33,533,19,not-critical
33,533,19,critical
33,533,19,critical
33,533,19,critical
33,533,19,not-critical
33,533,19,critical
33,533,19,critical
33,533,19,critical
33,533,19,not-critical
33,533,19,critical
33,533,19,critical
33,533,19,critical
33,533,19,critical
33,533,19,not-critical
33,533,19,critical
33,533,19,critical
33,533,19,not-critical
33,533,19,not-critical
33,533,19,not-critical
33,533,19,not-critical
33,533,19,critical
33,533,19,critical
33,533,19,not-critical
33,533,19,critical
33,533,19,critical
33,533,19,critical
33,533,19,not-critical
33,533,19,critical
33,533,19,not-critical
33,533,19,not-critical
33,533,19,critical
33,533,19,critical
33,533,19,not-critical
33,533,19,critical
33,533,19,critical
33,533,19,not-critical
33,533,19,not-critical
33,533,19,not-critical
33,533,19,critical
33,533,19,critical
33,533,19,not-critical
33,533,19,not-critical
33,533,19,not-critical
33,533,19,not-critical
33,533,19,not-critical
33,533,19,critical
33,533,19,critical
33,533,19,not-critical
33,533,19,critical
33,533,19,critical
33,533,19,critical
33,533,19,critical
33,533,19,critical
33,533,19,not-critical
33,533,19,not-critical
33,533,19,critical
33,533,19,critical
33,533,19,critical
33,533,19,critical
33,533,19,not-critical
33,533,19,critical
33,533,19,critical
33,533,19,critical
33,533,19,critical
33,533,19,not-critical
33,533,19,critical
33,533,19,critical
33,533,19,critical
33,533,19,not-critical
33,533,19,critical
33,533,19,critical
33,533,19,not-critical
33,533,19,not-critical
33,533,19,not-critical
33,533,19,critical
33,533,19,not-critical
33,533,19,critical
33,533,19,critical
33,533,19,not-critical
33,533,19,critical
33,533,19,critical
33,533,19,critical
33,533,19,critical
33,579,19,not-critical
33,579,19,critical
33,579,19,not-critical
33,579,19,critical
33,579,19,critical
33,579,19,critical
33,579,19,critical
33,579,19,not-critical
33,579,19,not-critical
33,579,19,not-critical
33,579,19,critical
33,579,19,critical
33,579,19,critical
33,579,19,critical
33,579,19,critical
33,579,19,not-critical
33,579,19,critical
33,579,19,critical
33,579,19,critical
33,579,19,critical
33,579,19,critical
33,579,19,critical
33,579,19,critical
33,579,19,not-critical
33,579,19,not-critical
33,579,19,critical
33,579,19,critical
33,579,19,critical
33,579,19,critical
33,579,19,critical
33,579,19,not-critical
33,579,19,not-critical
33,579,19,critical
33,579,19,not-critical
33,579,19,critical
33,579,19,critical
33,579,19,not-critical
33,579,19,not-critical
33,579,19,critical
33,579,19,not-critical
33,579,19,critical
33,579,19,critical
33,579,19,critical
33,579,19,not-critical
33,579,19,not-critical
33,579,19,critical
33,579,19,not-critical
33,579,19,critical
33,579,19,critical
33,579,19,not-critical
33,579,19,critical
33,579,19,critical
33,579,19,critical
33,579,19,critical
33,579,19,critical
33,579,19,critical
33,579,19,not-critical
33,579,19,critical
33,579,19,critical
33,579,19,not-critical
33,579,19,critical
33,579,19,not-critical
33,579,19,not-critical
33,579,19,critical
33,579,19,critical
33,579,19,not-critical
33,579,19,critical
33,579,19,not-critical
33,579,19,critical
33,579,19,critical
33,579,19,critical
33,579,19,critical
33,579,19,critical
33,579,19,critical
33,579,19,critical
33,579,19,not-critical
33,579,19,not-critical
33,579,19,critical
33,579,19,critical
33,579,19,critical
33,579,19,critical
33,579,19,not-critical
33,579,19,not-critical
33,579,19,not-critical
33,579,19,critical
33,579,19,critical
33,579,19,critical
33,579,19,critical
33,579,19,critical
33,579,19,critical
33,579,19,not-critical
33,579,19,not-critical
33,579,19,critical
33,579,19,not-critical
33,579,19,not-critical
33,579,19,critical
33,579,19,critical
33,579,19,not-critical
33,579,19,critical
33,579,19,not-critical
33,579,19,not-critical
33,579,19,critical
33,579,19,not-critical
33,579,19,critical
33,579,19,not-critical
33,579,19,critical
33,579,19,not-critical
33,579,19,critical
33,579,19,critical
33,579,19,critical
33,579,19,not-critical
33,579,19,critical
33,579,19,critical
33,579,19,not-critical
33,579,19,critical
33,579,19,critical
33,579,19,critical
33,579,19,not-critical
33,579,19,critical
33,579,19,critical
33,579,19,not-critical
33,579,19,not-critical
33,579,19,critical
33,579,19,not-critical
33,579,19,critical
33,579,19,critical
33,579,19,not-critical
33,579,19,not-critical
33,579,19,critical
33,579,19,critical
33,579,19,not-critical
33,579,19,critical
33,579,19,critical
33,579,19,critical
33,579,19,critical
33,579,19,not-critical
33,579,19,critical
33,579,19,critical
33,579,19,critical
33,579,19,critical
33,579,19,critical
33,579,19,not-critical
33,579,19,not-critical
33,579,19,critical
33,579,19,critical
33,579,19,critical
33,579,19,not-critical
33,579,19,not-critical
33,579,19,critical
33,579,19,critical
33,579,19,critical
33,579,19,not-critical
33,579,19,critical
33,579,19,not-critical
33,579,19,critical
33,579,19,critical
33,579,19,not-critical
33,579,19,critical
33,579,19,critical
33,579,19,critical
33,579,19,critical
33,579,19,critical
33,579,19,not-critical
33,579,19,critical
33,579,19,not-critical
33,579,19,critical
33,579,19,critical
33,579,19,not-critical
33,579,19,not-critical
33,579,19,not-critical
33,579,19,critical
33,579,19,not-critical
33,579,19,critical
33,579,19,critical
33,579,19,critical
33,579,19,critical
33,579,19,critical
33,579,19,critical
33,579,19,not-critical
33,579,19,critical
33,579,19,critical
33,579,19,not-critical
33,579,19,not-critical
33,579,19,critical
33,579,19,critical
33,579,19,not-critical
33,579,19,critical
33,579,19,critical
33,579,19,critical
33,544,20,not-critical
33,544,20,critical
33,544,20,not-critical
33,544,20,critical
33,544,20,critical
33,544,20,critical
33,544,20,critical
33,544,20,not-critical
33,544,20,critical
33,544,20,not-critical
33,544,20,critical
33,544,20,not-critical
33,544,20,not-critical
33,544,20,not-critical
33,544,20,critical
33,544,20,not-critical
33,544,20,not-critical
33,544,20,critical
33,544,20,not-critical
33,544,20,not-critical
33,544,20,not-critical
33,544,20,not-critical
33,544,20,critical
33,544,20,not-critical
33,544,20,critical
33,544,20,critical
33,544,20,not-critical
33,544,20,critical
33,544,20,critical
33,544,20,critical
33,544,20,critical
33,544,20,critical
33,544,20,critical
33,544,20,not-critical
33,544,20,not-critical
33,544,20,critical
33,544,20,not-critical
33,544,20,critical
33,544,20,not-critical
33,544,20,not-critical
33,544,20,critical
33,544,20,not-critical
33,544,20,critical
33,544,20,critical
33,544,20,not-critical
33,544,20,not-critical
33,544,20,critical
33,544,20,critical
33,544,20,not-critical
33,544,20,not-critical
33,544,20,not-critical
33,544,20,critical
33,544,20,not-critical
33,544,20,critical
33,544,20,critical
33,544,20,not-critical
33,544,20,critical
33,544,20,not-critical
33,544,20,not-critical
33,544,20,critical
33,544,20,not-critical
33,544,20,critical
33,544,20,critical
33,544,20,critical
33,544,20,not-critical
33,544,20,critical
33,544,20,not-critical
33,544,20,not-critical
33,544,20,critical
33,544,20,critical
33,544,20,critical
33,544,20,not-critical
33,544,20,critical
33,544,20,critical
33,544,20,critical
33,544,20,critical
33,544,20,not-critical
33,544,20,not-critical
33,544,20,not-critical
33,544,20,not-critical
33,544,20,not-critical
33,544,20,not-critical
33,544,20,not-critical
33,544,20,critical
33,544,20,critical
33,544,20,critical
33,544,20,not-critical
33,544,20,not-critical
33,544,20,not-critical
33,544,20,critical
33,544,20,critical
33,544,20,not-critical
33,544,20,critical
33,544,20,critical
33,544,20,critical
33,544,20,not-critical
33,544,20,not-critical
33,544,20,not-critical
33,544,20,not-critical
33,544,20,not-critical
33,544,20,not-critical
33,544,20,not-critical
33,544,20,critical
33,544,20,critical
33,544,20,not-critical
33,544,20,critical
33,544,20,critical
33,544,20,critical
33,544,20,critical
33,544,20,not-critical
33,544,20,critical
33,544,20,critical
33,544,20,critical
33,544,20,not-critical
33,544,20,critical
33,544,20,critical
33,544,20,critical
33,544,20,not-critical
33,544,20,critical
33,544,20,critical
33,544,20,not-critical
33,544,20,not-critical
33,544,20,critical
33,544,20,critical
33,544,20,not-critical
33,544,20,critical
33,544,20,not-critical
33,544,20,not-critical
33,544,20,not-critical
33,544,20,critical
33,544,20,critical
33,544,20,not-critical
33,544,20,critical
33,544,20,not-critical
33,544,20,not-critical
33,544,20,critical
33,544,20,not-critical
33,544,20,not-critical
33,544,20,not-critical
33,544,20,critical
33,544,20,critical
33,544,20,critical
33,544,20,critical
33,544,20,critical
33,544,20,critical
33,544,20,critical
33,544,20,critical
33,544,20,not-critical
33,544,20,not-critical
33,544,20,critical
33,544,20,critical
33,544,20,critical
33,544,20,critical
33,544,20,critical
33,544,20,critical
33,544,20,critical
33,544,20,not-critical
33,544,20,critical
33,544,20,critical
33,544,20,critical
33,544,20,critical
33,544,20,not-critical
33,544,20,critical
33,544,20,critical
33,544,20,not-critical
33,544,20,not-critical
33,544,20,critical
33,544,20,critical
33,544,20,critical
33,544,20,not-critical
33,544,20,not-critical
33,544,20,critical
33,544,20,critical
33,544,20,not-critical
33,544,20,not-critical
33,544,20,critical
33,544,20,not-critical
33,544,20,not-critical
33,544,20,critical
33,544,20,not-critical
33,529,21,critical
33,529,21,not-critical
33,529,21,not-critical
33,529,21,not-critical
33,529,21,critical
33,529,21,critical
33,529,21,critical
33,529,21,critical
33,529,21,not-critical
33,529,21,critical
33,529,21,not-critical
33,529,21,critical
33,529,21,critical
33,529,21,not-critical
33,529,21,critical
33,529,21,not-critical
33,529,21,critical
33,529,21,critical
33,529,21,critical
33,529,21,critical
33,529,21,not-critical
33,529,21,critical
33,529,21,critical
33,529,21,critical
33,529,21,not-critical
33,529,21,critical
33,529,21,critical
33,529,21,critical
33,529,21,critical
33,529,21,critical
33,529,21,critical
33,529,21,critical
33,529,21,critical
33,529,21,not-critical
33,529,21,critical
33,529,21,not-critical
33,529,21,critical
33,529,21,critical
33,529,21,critical
33,529,21,critical
33,529,21,critical
33,529,21,critical
33,529,21,critical
33,529,21,critical
33,529,21,not-critical
33,529,21,critical
33,529,21,not-critical
33,529,21,critical
33,529,21,not-critical
33,529,21,not-critical
33,529,21,critical
33,529,21,critical
33,529,21,not-critical
33,529,21,critical
33,529,21,critical
33,529,21,not-critical
33,529,21,not-critical
33,529,21,critical
33,529,21,critical
33,529,21,not-critical
33,529,21,not-critical
33,529,21,critical
33,529,21,critical
33,529,21,not-critical
33,529,21,not-critical
33,529,21,critical
33,529,21,not-critical
33,529,21,not-critical
33,529,21,critical
33,529,21,critical
33,529,21,critical
33,529,21,critical
33,529,21,not-critical
33,529,21,critical
33,529,21,critical
33,529,21,not-critical
33,529,21,critical
33,529,21,not-critical
33,529,21,critical
33,529,21,critical
33,529,21,critical
33,529,21,not-critical
33,529,21,critical
33,529,21,critical
33,529,21,not-critical
33,529,21,critical
33,529,21,critical
33,529,21,not-critical
33,529,21,critical
33,529,21,critical
33,529,21,critical
33,529,21,not-critical
33,529,21,not-critical
33,529,21,not-critical
33,529,21,critical
33,529,21,critical
33,529,21,not-critical
33,529,21,critical
33,529,21,critical
33,529,21,critical
33,529,21,critical
33,529,21,critical
33,529,21,critical
33,529,21,critical
33,529,21,critical
33,529,21,critical
33,529,21,not-critical
33,529,21,critical
33,529,21,critical
33,529,21,not-critical
33,529,21,critical
33,529,21,critical
33,529,21,critical
33,529,21,not-critical
33,529,21,critical
33,529,21,critical
33,529,21,not-critical
33,529,21,critical
33,529,21,critical
33,529,21,not-critical
33,529,21,critical
33,529,21,not-critical
33,529,21,critical
33,529,21,critical
33,529,21,not-critical
33,529,21,critical
33,529,21,critical
33,529,21,critical
33,529,21,critical
33,529,21,critical
33,529,21,critical
33,529,21,critical
33,529,21,critical
33,529,21,critical
33,529,21,critical
33,529,21,critical
33,529,21,not-critical
33,529,21,critical
33,529,21,critical
33,529,21,not-critical
33,529,21,critical
33,529,21,not-critical
33,529,21,critical
33,529,21,critical
33,529,21,critical
33,529,21,critical
33,529,21,not-critical
33,529,21,not-critical
33,529,21,critical
33,529,21,not-critical
33,529,21,not-critical
33,529,21,critical
33,529,21,not-critical
33,529,21,critical
33,529,21,critical
33,529,21,critical
33,529,21,critical
33,529,21,critical
33,529,21,critical
33,529,21,critical
33,529,21,critical
33,529,21,not-critical
33,529,21,critical
33,529,21,critical
33,529,21,critical
33,529,21,critical
33,529,21,critical
33,529,21,critical
33,529,21,not-critical
33,529,21,not-critical
33,529,21,critical
33,529,21,critical
33,514,23,not-critical
33,514,23,critical
33,514,23,not-critical
33,514,23,critical
33,514,23,critical
33,514,23,not-critical
33,514,23,critical
33,514,23,critical
33,514,23,critical
33,514,23,critical
33,514,23,critical
33,514,23,critical
33,514,23,critical
33,514,23,not-critical
33,514,23,critical
33,514,23,not-critical
33,514,23,critical
33,514,23,critical
33,514,23,not-critical
33,514,23,not-critical
33,514,23,critical
33,514,23,critical
33,514,23,critical
33,514,23,critical
33,514,23,not-critical
33,514,23,not-critical
33,514,23,not-critical
33,514,23,critical
33,514,23,critical
33,514,23,critical
33,514,23,critical
33,514,23,critical
33,514,23,not-critical
33,514,23,critical
33,514,23,not-critical
33,514,23,critical
33,514,23,not-critical
33,514,23,not-critical
33,514,23,critical
33,514,23,critical
33,514,23,not-critical
33,514,23,not-critical
33,514,23,not-critical
33,514,23,critical
33,514,23,not-critical
33,514,23,not-critical
33,514,23,critical
33,514,23,critical
33,514,23,critical
33,514,23,critical
33,514,23,critical
33,514,23,critical
33,514,23,critical
33,514,23,critical
33,514,23,not-critical
33,514,23,critical
33,514,23,critical
33,514,23,critical
33,514,23,not-critical
33,514,23,critical
33,514,23,critical
33,514,23,not-critical
33,514,23,not-critical
33,514,23,not-critical
33,514,23,critical
33,514,23,critical
33,514,23,critical
33,514,23,not-critical
33,514,23,not-critical
33,514,23,critical
33,514,23,critical
33,514,23,critical
33,514,23,critical
33,514,23,not-critical
33,514,23,critical
33,514,23,not-critical
33,514,23,critical
33,514,23,critical
33,514,23,critical
33,514,23,critical
33,514,23,critical
33,514,23,not-critical
33,514,23,critical
33,514,23,critical
33,514,23,not-critical
33,514,23,critical
33,514,23,not-critical
33,514,23,critical
33,514,23,critical
33,514,23,critical
33,514,23,critical
33,514,23,not-critical
33,514,23,not-critical
33,514,23,critical
33,514,23,not-critical
33,514,23,critical
33,514,23,not-critical
33,514,23,critical
33,514,23,critical
33,514,23,critical
33,514,23,critical
33,514,23,critical
33,514,23,critical
33,514,23,not-critical
33,514,23,not-critical
33,514,23,not-critical
33,514,23,critical
33,514,23,not-critical
33,514,23,not-critical
33,514,23,critical
33,514,23,critical
33,514,23,critical
33,514,23,critical
33,514,23,not-critical
33,514,23,critical
33,514,23,not-critical
33,514,23,critical
33,514,23,critical
33,514,23,critical
33,514,23,critical
33,514,23,critical
33,514,23,not-critical
33,514,23,critical
33,514,23,not-critical
33,514,23,critical
33,514,23,not-critical
33,514,23,critical
33,514,23,not-critical
33,514,23,not-critical
33,514,23,not-critical
33,514,23,critical
33,514,23,critical
33,514,23,not-critical
33,514,23,not-critical
33,514,23,critical
33,514,23,not-critical
33,514,23,not-critical
33,514,23,not-critical
33,514,23,critical
33,514,23,not-critical
33,514,23,not-critical
33,514,23,critical
33,514,23,critical
33,514,23,not-critical
33,514,23,critical
33,514,23,critical
33,514,23,critical
33,514,23,not-critical
33,514,23,not-critical
33,514,23,critical
33,514,23,critical
33,514,23,critical
33,514,23,critical
33,514,23,critical
33,514,23,not-critical
33,514,23,critical
33,586,25,not-critical
33,586,25,critical
33,586,25,critical
33,586,25,critical
33,586,25,critical
33,586,25,critical
33,586,25,critical
33,586,25,critical
33,586,25,critical
33,586,25,critical
33,586,25,not-critical
33,586,25,critical
33,586,25,critical
33,586,25,critical
33,586,25,critical
33,586,25,not-critical
33,586,25,not-critical
33,586,25,critical
33,586,25,critical
33,586,25,critical
33,586,25,critical
33,586,25,critical
33,586,25,critical
33,586,25,critical
33,586,25,critical
33,586,25,not-critical
33,586,25,critical
33,586,25,critical
33,586,25,critical
33,586,25,critical
33,586,25,not-critical
33,586,25,critical
33,586,25,critical
33,586,25,critical
33,586,25,not-critical
33,586,25,critical
33,586,25,not-critical
33,586,25,not-critical
33,586,25,not-critical
33,586,25,not-critical
33,586,25,critical
33,586,25,not-critical
33,586,25,critical
33,586,25,not-critical
33,586,25,not-critical
33,586,25,critical
33,586,25,critical
33,586,25,critical
33,586,25,not-critical
33,586,25,not-critical
33,586,25,critical
33,586,25,critical
33,586,25,not-critical
33,586,25,critical
33,586,25,not-critical
33,586,25,critical
33,586,25,critical
33,586,25,not-critical
33,586,25,not-critical
33,586,25,critical
33,586,25,critical
33,586,25,not-critical
33,586,25,critical
33,586,25,critical
33,586,25,not-critical
33,586,25,critical
33,586,25,not-critical
33,586,25,not-critical
33,586,25,critical
33,586,25,critical
33,586,25,critical
33,586,25,critical
33,586,25,not-critical
33,586,25,critical
33,586,25,critical
33,586,25,critical
33,586,25,critical
33,586,25,not-critical
33,586,25,not-critical
33,586,25,critical
33,586,25,critical
33,586,25,not-critical
33,586,25,critical
33,586,25,not-critical
33,586,25,not-critical
33,586,25,not-critical
33,586,25,critical
33,586,25,critical
33,586,25,not-critical
33,586,25,critical
33,586,25,critical
33,586,25,not-critical
33,586,25,not-critical
33,586,25,critical
33,586,25,critical
33,586,25,critical
33,586,25,critical
33,586,25,not-critical
33,586,25,critical
33,586,25,not-critical
33,586,25,critical
33,586,25,not-critical
33,586,25,critical
33,586,25,not-critical
33,586,25,not-critical
33,586,25,critical
33,586,25,not-critical
33,586,25,critical
33,586,25,critical
33,586,25,not-critical
33,586,25,critical
33,586,25,not-critical
33,586,25,not-critical
33,586,25,critical
33,586,25,critical
33,586,25,not-critical
33,586,25,critical
33,586,25,critical
33,586,25,critical
33,586,25,not-critical
33,586,25,critical
33,586,25,critical
33,586,25,critical
33,586,25,not-critical
33,586,25,not-critical
33,586,25,critical
33,586,25,critical
33,586,25,critical
33,586,25,critical
33,586,25,critical
33,586,25,critical
33,586,25,critical
33,586,25,not-critical
33,586,25,critical
33,586,25,critical
33,586,25,critical
33,586,25,critical
33,586,25,critical
33,586,25,critical
33,586,25,critical
33,586,25,critical
33,586,25,not-critical
33,586,25,not-critical
33,586,25,critical
33,557,28,critical
33,557,28,critical
33,557,28,not-critical
33,557,28,critical
33,557,28,critical
33,557,28,critical
33,557,28,critical
33,557,28,not-critical
33,557,28,critical
33,557,28,not-critical
33,557,28,critical
33,557,28,critical
33,557,28,critical
33,557,28,not-critical
33,557,28,critical
33,557,28,not-critical
33,557,28,critical
33,557,28,not-critical
33,557,28,critical
33,557,28,critical
33,557,28,not-critical
33,557,28,critical
33,557,28,critical
33,557,28,not-critical
33,557,28,not-critical
33,557,28,critical
33,557,28,critical
33,557,28,critical
33,557,28,not-critical
33,557,28,critical
33,557,28,critical
33,557,28,not-critical
33,557,28,critical
33,557,28,not-critical
33,557,28,critical
33,557,28,critical
33,557,28,not-critical
33,557,28,critical
33,557,28,not-critical
33,557,28,critical
33,557,28,not-critical
33,557,28,critical
33,557,28,critical
33,557,28,not-critical
33,557,28,critical
33,557,28,not-critical
33,557,28,critical
33,557,28,critical
33,557,28,critical
33,557,28,not-critical
33,557,28,critical
33,557,28,not-critical
33,557,28,critical
33,557,28,not-critical
33,557,28,not-critical
33,557,28,critical
33,557,28,not-critical
33,557,28,not-critical
33,557,28,critical
33,557,28,critical
33,557,28,critical
33,557,28,critical
33,557,28,critical
33,557,28,critical
33,557,28,critical
33,557,28,critical
33,557,28,critical
33,557,28,critical
33,557,28,not-critical
33,557,28,critical
33,557,28,critical
33,557,28,not-critical
33,557,28,critical
33,557,28,not-critical
33,557,28,not-critical
33,557,28,not-critical
33,557,28,not-critical
33,557,28,critical
33,557,28,critical
33,557,28,critical
33,557,28,critical
33,557,28,critical
33,557,28,not-critical
33,557,28,critical
33,557,28,critical
33,557,28,not-critical
33,557,28,not-critical
33,557,28,critical
33,557,28,critical
33,557,28,critical
33,557,28,not-critical
33,557,28,critical
33,557,28,critical
33,557,28,not-critical
33,557,28,critical
33,557,28,critical
33,557,28,not-critical
33,557,28,critical
33,557,28,not-critical
33,557,28,not-critical
33,557,28,critical
33,557,28,critical
33,557,28,not-critical
33,557,28,critical
33,557,28,critical
33,557,28,critical
33,557,28,critical
33,557,28,critical
33,557,28,critical
33,557,28,critical
33,557,28,critical
33,557,28,not-critical
33,557,28,critical
33,557,28,not-critical
33,557,28,not-critical
33,557,28,not-critical
33,557,28,not-critical
33,557,28,critical
33,557,28,not-critical
33,557,28,critical
33,557,28,critical
33,557,28,not-critical
33,557,28,critical
33,557,28,critical
33,557,28,critical
33,557,28,critical
33,557,28,critical
33,557,28,critical
33,557,28,critical
33,633,28,critical
33,633,28,not-critical
33,633,28,critical
33,633,28,critical
33,633,28,critical
33,633,28,critical
33,633,28,critical
33,633,28,critical
33,633,28,not-critical
33,633,28,not-critical
33,633,28,not-critical
33,633,28,not-critical
33,633,28,critical
33,633,28,critical
33,633,28,critical
33,633,28,not-critical
33,633,28,critical
33,633,28,not-critical
33,633,28,critical
33,633,28,critical
33,633,28,critical
33,633,28,critical
33,633,28,critical
33,633,28,critical
33,633,28,critical
33,633,28,not-critical
33,633,28,critical
33,633,28,not-critical
33,633,28,critical
33,633,28,not-critical
33,633,28,critical
33,633,28,critical
33,633,28,not-critical
33,633,28,critical
33,633,28,not-critical
33,633,28,critical
33,633,28,critical
33,633,28,critical
33,633,28,critical
33,633,28,not-critical
33,633,28,critical
33,633,28,critical
33,633,28,not-critical
33,633,28,critical
33,633,28,not-critical
33,633,28,critical
33,633,28,critical
33,633,28,not-critical
33,633,28,critical
33,633,28,critical
33,633,28,not-critical
33,633,28,critical
33,633,28,critical
33,633,28,critical
33,633,28,critical
33,633,28,not-critical
33,633,28,critical
33,633,28,critical
33,633,28,not-critical
33,633,28,critical
33,633,28,critical
33,633,28,critical
33,633,28,not-critical
33,633,28,not-critical
33,633,28,critical
33,633,28,critical
33,633,28,critical
33,633,28,not-critical
33,633,28,not-critical
33,633,28,critical
33,633,28,critical
33,633,28,not-critical
33,633,28,not-critical
33,633,28,not-critical
33,633,28,critical
33,633,28,critical
33,633,28,not-critical
33,633,28,critical
33,633,28,critical
33,633,28,critical
33,633,28,critical
33,633,28,critical
33,633,28,not-critical
33,633,28,not-critical
33,633,28,not-critical
33,633,28,critical
33,633,28,critical
33,633,28,critical
33,633,28,not-critical
33,633,28,critical
33,633,28,critical
33,633,28,critical
33,633,28,critical
33,633,28,critical
33,633,28,critical
33,633,28,critical
33,633,28,not-critical
33,633,28,not-critical
33,633,28,critical
33,633,28,critical
33,633,28,critical
33,633,28,not-critical
33,633,28,critical
33,633,28,not-critical
33,633,28,critical
33,633,28,critical
33,633,28,critical
33,633,28,critical
33,633,28,not-critical
33,633,28,not-critical
33,633,28,critical
33,633,28,critical
33,633,28,critical
33,633,28,critical
33,633,28,not-critical
33,633,28,not-critical
33,633,28,critical
33,633,28,critical
33,633,28,critical
33,633,28,critical
33,633,28,not-critical
33,633,28,not-critical
33,633,28,critical
33,633,28,not-critical
33,633,28,critical
33,633,28,critical
33,633,28,critical
33,633,28,not-critical
33,636,27,critical
33,636,27,critical
33,636,27,not-critical
33,636,27,not-critical
33,636,27,not-critical
33,636,27,not-critical
33,636,27,critical
33,636,27,not-critical
33,636,27,critical
33,636,27,not-critical
33,636,27,critical
33,636,27,not-critical
33,636,27,not-critical
33,636,27,not-critical
33,636,27,not-critical
33,636,27,critical
33,636,27,critical
33,636,27,not-critical
33,636,27,critical
33,636,27,not-critical
33,636,27,not-critical
33,636,27,critical
33,636,27,not-critical
33,636,27,not-critical
33,636,27,critical
33,636,27,critical
33,636,27,not-critical
33,636,27,not-critical
33,636,27,not-critical
33,636,27,not-critical
33,636,27,not-critical
33,636,27,critical
33,636,27,critical
33,636,27,critical
33,636,27,critical
33,636,27,not-critical
33,636,27,critical
33,636,27,not-critical
33,636,27,not-critical
33,636,27,critical
33,636,27,critical
33,636,27,critical
33,636,27,not-critical
33,636,27,critical
33,636,27,critical
33,636,27,not-critical
33,636,27,critical
33,636,27,critical
33,636,27,critical
33,636,27,not-critical
33,636,27,not-critical
33,636,27,critical
33,636,27,critical
33,636,27,critical
33,636,27,not-critical
33,636,27,critical
33,636,27,not-critical
33,636,27,not-critical
33,636,27,critical
33,636,27,not-critical
33,636,27,critical
33,636,27,critical
33,636,27,not-critical
33,636,27,not-critical
33,636,27,not-critical
33,636,27,not-critical
33,636,27,critical
33,636,27,critical
33,636,27,not-critical
33,636,27,not-critical
33,636,27,critical
33,636,27,not-critical
33,636,27,critical
33,636,27,not-critical
33,636,27,not-critical
33,636,27,not-critical
33,636,27,not-critical
33,636,27,not-critical
33,636,27,critical
33,636,27,not-critical
33,636,27,critical
33,636,27,critical
33,636,27,critical
33,636,27,critical
33,636,27,critical
33,636,27,critical
33,636,27,critical
33,636,27,critical
33,636,27,critical
33,636,27,critical
33,636,27,critical
33,636,27,not-critical
33,636,27,critical
33,636,27,critical
33,636,27,critical
33,636,27,not-critical
33,636,27,not-critical
33,636,27,critical
33,636,27,not-critical
33,636,27,not-critical
33,636,27,critical
33,636,27,critical
33,636,27,critical
33,636,27,critical
33,636,27,not-critical
33,636,27,critical
33,636,27,critical
33,636,27,not-critical
33,636,27,not-critical
33,636,27,critical
33,636,27,critical
33,636,27,critical
33,636,27,critical
33,636,27,critical
33,636,27,not-critical
33,636,27,critical
33,636,27,critical
33,636,27,critical
33,636,27,not-critical
33,636,27,not-critical
33,636,27,critical
33,636,27,critical
33,636,27,critical
33,636,27,critical
33,636,27,not-critical
33,636,27,critical
33,636,27,critical
33,636,27,critical
33,636,27,not-critical
33,636,27,critical
33,636,27,critical
33,636,27,critical
33,636,27,critical
33,636,27,critical
33,600,25,critical
33,600,25,critical
33,600,25,not-critical
33,600,25,critical
33,600,25,not-critical
33,600,25,critical
33,600,25,critical
33,600,25,critical
33,600,25,critical
33,600,25,critical
33,600,25,critical
33,600,25,critical
33,600,25,critical
33,600,25,not-critical
33,600,25,not-critical
33,600,25,not-critical
33,600,25,not-critical
33,600,25,critical
33,600,25,not-critical
33,600,25,not-critical
33,600,25,not-critical
33,600,25,not-critical
33,600,25,not-critical
33,600,25,critical
33,600,25,critical
33,600,25,not-critical
33,600,25,critical
33,600,25,critical
33,600,25,critical
33,600,25,critical
33,600,25,critical
33,600,25,critical
33,600,25,not-critical
33,600,25,not-critical
33,600,25,not-critical
33,600,25,critical
33,600,25,critical
33,600,25,critical
33,600,25,critical
33,600,25,critical
33,600,25,critical
33,600,25,critical
33,600,25,critical
33,600,25,critical
33,600,25,critical
33,600,25,critical
33,600,25,not-critical
33,600,25,critical
33,600,25,not-critical
33,600,25,critical
33,600,25,critical
33,600,25,not-critical
33,600,25,not-critical
33,600,25,not-critical
33,600,25,critical
33,600,25,critical
33,600,25,critical
33,600,25,critical
33,600,25,critical
33,600,25,not-critical
33,600,25,critical
33,600,25,not-critical
33,600,25,not-critical
33,600,25,not-critical
33,600,25,critical
33,600,25,not-critical
33,600,25,critical
33,600,25,critical
33,600,25,critical
33,600,25,not-critical
33,600,25,not-critical
33,600,25,not-critical
33,600,25,critical
33,600,25,critical
33,600,25,not-critical
33,600,25,not-critical
33,600,25,critical
33,600,25,critical
33,600,25,critical
33,600,25,not-critical
33,600,25,critical
33,600,25,critical
33,600,25,critical
33,600,25,critical
33,600,25,critical
33,600,25,not-critical
33,600,25,critical
33,600,25,critical
33,600,25,not-critical
33,600,25,critical
33,600,25,critical
33,600,25,not-critical
33,600,25,critical
33,600,25,critical
33,600,25,critical
33,600,25,not-critical
33,600,25,not-critical
33,600,25,not-critical
33,600,25,not-critical
33,600,25,critical
33,600,25,critical
33,600,25,not-critical
33,600,25,not-critical
33,600,25,critical
33,600,25,critical
33,600,25,critical
33,600,25,critical
33,600,25,not-critical
33,600,25,not-critical
33,600,25,critical
33,600,25,critical
33,600,25,critical
33,600,25,critical
33,600,25,critical
33,600,25,not-critical
33,600,25,not-critical
33,600,25,not-critical
33,600,25,critical
33,600,25,critical
33,600,25,critical
33,600,25,not-critical
33,600,25,not-critical
33,600,25,critical
33,600,25,critical
33,600,25,critical
33,600,25,critical
33,600,25,not-critical
33,600,25,critical
33,600,25,critical
33,600,25,critical
33,600,25,critical
33,600,25,critical
33,600,25,not-critical
33,600,25,critical
33,600,25,critical
33,600,25,critical
33,600,25,critical
33,600,25,not-critical
33,600,25,critical
33,600,25,not-critical
33,600,25,not-critical
33,600,25,critical
33,600,25,critical
33,600,25,not-critical
33,640,21,not-critical
33,640,21,critical
33,640,21,critical
33,640,21,critical
33,640,21,critical
33,640,21,critical
33,640,21,critical
33,640,21,critical
33,640,21,not-critical
33,640,21,critical
33,640,21,critical
33,640,21,critical
33,640,21,critical
33,640,21,not-critical
33,640,21,critical
33,640,21,critical
33,640,21,not-critical
33,640,21,not-critical
33,640,21,not-critical
33,640,21,critical
33,640,21,critical
33,640,21,critical
33,640,21,not-critical
33,640,21,critical
33,640,21,critical
33,640,21,not-critical
33,640,21,not-critical
33,640,21,not-critical
33,640,21,critical
33,640,21,not-critical
33,640,21,critical
33,640,21,not-critical
33,640,21,critical
33,640,21,not-critical
33,640,21,not-critical
33,640,21,not-critical
33,640,21,not-critical
33,640,21,not-critical
33,640,21,critical
33,640,21,critical
33,640,21,not-critical
33,640,21,not-critical
33,640,21,critical
33,640,21,not-critical
33,640,21,critical
33,640,21,critical
33,640,21,critical
33,640,21,not-critical
33,640,21,critical
33,640,21,critical
33,640,21,not-critical
33,640,21,critical
33,640,21,not-critical
33,640,21,critical
33,640,21,critical
33,640,21,critical
33,640,21,critical
33,640,21,critical
33,640,21,not-critical
33,640,21,critical
33,640,21,critical
33,640,21,not-critical
33,640,21,critical
33,640,21,not-critical
33,640,21,critical
33,640,21,not-critical
33,640,21,not-critical
33,640,21,critical
33,640,21,not-critical
33,640,21,critical
33,640,21,not-critical
33,640,21,not-critical
33,640,21,not-critical
33,640,21,critical
33,640,21,critical
33,640,21,not-critical
33,640,21,not-critical
33,640,21,critical
33,640,21,critical
33,640,21,critical
33,640,21,not-critical
33,640,21,not-critical
33,640,21,critical
33,640,21,not-critical
33,640,21,not-critical
33,640,21,critical
33,640,21,critical
33,640,21,critical
33,640,21,not-critical
33,640,21,critical
33,640,21,critical
33,640,21,critical
33,640,21,critical
33,640,21,critical
33,640,21,critical
33,640,21,critical
33,640,21,critical
33,640,21,critical
33,640,21,not-critical
33,640,21,critical
33,640,21,not-critical
33,640,21,critical
33,640,21,critical
33,640,21,critical
33,640,21,critical
33,640,21,critical
33,640,21,critical
33,640,21,critical
33,640,21,critical
33,640,21,critical
33,640,21,critical
33,640,21,critical
33,640,21,not-critical
33,640,21,not-critical
33,640,21,critical
33,640,21,critical
33,640,21,critical
33,640,21,critical
33,640,21,not-critical
33,640,21,not-critical
33,640,21,critical
33,640,21,not-critical
33,640,21,not-critical
33,640,21,not-critical
33,640,21,critical
33,640,21,critical
33,640,21,critical
33,640,21,critical
33,640,21,not-critical
33,640,21,critical
33,640,21,not-critical
33,640,21,critical
33,640,21,critical
33,640,21,critical
33,640,21,critical
33,640,21,not-critical
33,640,21,critical
33,640,21,critical
33,640,21,critical
33,640,21,not-critical
33,640,21,critical
33,640,21,not-critical
33,640,21,critical
33,640,21,not-critical
33,640,21,not-critical
33,640,21,critical
33,640,21,critical
33,640,21,critical
33,640,21,critical
33,640,21,critical
33,640,21,not-critical
33,640,21,critical
33,640,21,not-critical
33,640,21,not-critical
33,640,21,not-critical
33,640,21,critical
33,640,21,critical
33,640,21,critical
33,640,21,critical
33,640,21,critical
33,640,21,critical
33,640,21,not-critical
33,640,21,critical
33,640,21,not-critical
33,640,21,critical
33,640,21,critical
33,640,21,critical
33,640,21,not-critical
33,640,21,not-critical
33,640,21,critical
33,640,21,not-critical
33,641,20,critical
33,641,20,critical
33,641,20,not-critical
33,641,20,critical
33,641,20,not-critical
33,641,20,critical
33,641,20,critical
33,641,20,critical
33,641,20,not-critical
33,641,20,critical
33,641,20,not-critical
33,641,20,not-critical
33,641,20,not-critical
33,641,20,critical
33,641,20,critical
33,641,20,not-critical
33,641,20,not-critical
33,641,20,critical
33,641,20,critical
33,641,20,not-critical
33,641,20,critical
33,641,20,not-critical
33,641,20,not-critical
33,641,20,not-critical
33,641,20,critical
33,641,20,not-critical
33,641,20,not-critical
33,641,20,not-critical
33,641,20,critical
33,641,20,not-critical
33,641,20,critical
33,641,20,critical
33,641,20,not-critical
33,641,20,not-critical
33,641,20,critical
33,641,20,critical
33,641,20,critical
33,641,20,not-critical
33,641,20,critical
33,641,20,critical
33,641,20,not-critical
33,641,20,not-critical
33,641,20,not-critical
33,641,20,critical
33,641,20,critical
33,641,20,not-critical
33,641,20,critical
33,641,20,critical
33,641,20,not-critical
33,641,20,critical
33,641,20,critical
33,641,20,critical
33,641,20,not-critical
33,641,20,not-critical
33,641,20,not-critical
33,641,20,not-critical
33,641,20,critical
33,641,20,critical
33,641,20,critical
33,641,20,not-critical
33,641,20,critical
33,641,20,critical
33,641,20,not-critical
33,641,20,critical
33,641,20,critical
33,641,20,critical
33,641,20,critical
33,641,20,critical
33,641,20,critical
33,641,20,critical
33,641,20,not-critical
33,641,20,critical
33,641,20,critical
33,641,20,critical
33,641,20,not-critical
33,641,20,critical
33,641,20,not-critical
33,641,20,critical
33,641,20,critical
33,641,20,critical
33,641,20,critical
33,641,20,critical
33,641,20,not-critical
33,641,20,critical
33,641,20,critical
33,641,20,critical
33,641,20,not-critical
33,641,20,critical
33,641,20,critical
33,641,20,not-critical
33,641,20,not-critical
33,641,20,not-critical
33,641,20,not-critical
33,641,20,critical
33,641,20,not-critical
33,641,20,critical
33,641,20,critical
33,641,20,critical
33,641,20,critical
33,641,20,not-critical
33,641,20,critical
33,641,20,critical
33,641,20,not-critical
33,641,20,critical
33,641,20,critical
33,641,20,critical
33,641,20,critical
33,641,20,not-critical
33,641,20,critical
33,641,20,not-critical
33,641,20,critical
33,641,20,not-critical
33,641,20,critical
33,641,20,not-critical
33,641,20,critical
33,641,20,critical
33,641,20,not-critical
33,641,20,critical
33,641,20,critical
33,641,20,critical
33,641,20,critical
33,641,20,not-critical
33,641,20,not-critical
33,641,20,critical
33,641,20,critical
33,641,20,not-critical
33,641,20,not-critical
33,641,20,critical
33,641,20,critical
33,641,20,not-critical
33,641,20,critical
33,641,20,not-critical
33,641,20,critical
33,641,20,not-critical
33,641,20,critical
33,641,20,critical
33,641,20,critical
33,641,20,critical
33,641,20,not-critical
33,641,20,critical
33,641,20,critical
33,641,20,critical
33,641,20,not-critical
33,641,20,not-critical
33,641,20,not-critical
33,641,20,critical
33,641,20,not-critical
33,641,20,critical
33,641,20,critical
33,641,20,not-critical
33,641,20,not-critical
33,641,20,critical
33,641,20,not-critical
33,641,20,not-critical
33,641,20,critical
33,641,20,not-critical
33,641,20,critical
33,641,20,critical
33,641,20,critical
33,641,20,critical
33,641,20,critical
33,641,20,not-critical
33,641,20,critical
33,641,20,critical
33,641,20,critical
33,641,20,not-critical
33,641,20,critical
33,641,20,not-critical
33,641,20,not-critical
33,641,20,not-critical
33,641,20,critical
33,641,20,critical
33,641,20,critical
33,641,20,not-critical
33,641,20,critical
33,641,20,not-critical
33,641,20,critical
33,641,20,not-critical
33,641,20,not-critical
33,641,20,critical
33,649,16,not-critical
33,649,16,not-critical
33,649,16,critical
33,649,16,not-critical
33,649,16,critical
33,649,16,not-critical
33,649,16,critical
33,649,16,critical
33,649,16,critical
33,649,16,critical
33,649,16,critical
33,649,16,critical
33,649,16,critical
33,649,16,critical
33,649,16,critical
33,649,16,critical
33,649,16,not-critical
33,649,16,not-critical
33,649,16,critical
33,649,16,not-critical
33,649,16,not-critical
33,649,16,not-critical
33,649,16,not-critical
33,649,16,not-critical
33,649,16,critical
33,649,16,critical
33,649,16,not-critical
33,649,16,critical
33,649,16,critical
33,649,16,critical
33,649,16,not-critical
33,649,16,critical
33,649,16,critical
33,649,16,critical
33,649,16,critical
33,649,16,critical
33,649,16,critical
33,649,16,critical
33,649,16,not-critical
33,649,16,not-critical
33,649,16,critical
33,649,16,critical
33,649,16,not-critical
33,649,16,not-critical
33,649,16,not-critical
33,649,16,critical
33,649,16,not-critical
33,649,16,not-critical
33,649,16,critical
33,649,16,critical
33,649,16,not-critical
33,649,16,critical
33,649,16,critical
33,649,16,critical
33,649,16,critical
33,649,16,critical
33,649,16,critical
33,649,16,critical
33,649,16,not-critical
33,649,16,not-critical
33,649,16,not-critical
33,649,16,not-critical
33,649,16,not-critical
33,649,16,critical
33,649,16,not-critical
33,649,16,not-critical
33,649,16,not-critical
33,649,16,not-critical
33,649,16,critical
33,649,16,critical
33,649,16,not-critical
33,649,16,not-critical
33,649,16,not-critical
33,649,16,not-critical
33,649,16,critical
33,649,16,not-critical
33,649,16,not-critical
33,649,16,not-critical
33,649,16,critical
33,649,16,critical
33,649,16,critical
33,649,16,not-critical
33,649,16,not-critical
33,649,16,critical
33,649,16,critical
33,649,16,critical
33,649,16,critical
33,649,16,critical
33,649,16,critical
33,649,16,critical
33,649,16,critical
33,649,16,critical
33,649,16,not-critical
33,649,16,critical
33,649,16,not-critical
33,649,16,not-critical
33,649,16,critical
33,649,16,critical
33,649,16,not-critical
33,649,16,critical
33,649,16,not-critical
33,649,16,not-critical
33,649,16,critical
33,649,16,not-critical
33,649,16,critical
33,649,16,critical
33,649,16,not-critical
33,649,16,not-critical
33,649,16,critical
33,649,16,critical
33,649,16,critical
33,649,16,critical
33,649,16,critical
33,649,16,not-critical
33,649,16,not-critical
33,649,16,critical
33,649,16,critical
33,649,16,critical
33,649,16,critical
33,649,16,critical
33,649,16,critical
33,649,16,critical
33,649,16,critical
33,649,16,critical
33,649,16,not-critical
33,649,16,critical
33,649,16,critical
33,649,16,critical
33,649,16,critical
33,649,16,critical
33,649,16,critical
33,649,16,critical
33,649,16,not-critical
33,649,16,critical
33,649,16,not-critical
33,649,16,critical
33,649,16,critical
33,649,16,not-critical
33,649,16,not-critical
33,649,16,not-critical
33,649,16,critical
33,649,16,critical
33,649,16,critical
33,649,16,critical
33,649,16,not-critical
33,649,16,critical
33,649,16,critical
33,649,16,not-critical
33,649,16,not-critical
33,649,16,critical
33,649,16,not-critical
33,649,16,critical
33,649,16,not-critical
33,649,16,not-critical
33,649,16,not-critical
33,649,16,critical
33,649,16,not-critical
33,649,16,not-critical
33,649,16,not-critical
33,649,16,critical
33,649,16,critical
33,649,16,not-critical
33,649,16,not-critical
33,649,16,critical
33,649,16,critical
33,649,16,critical
33,649,16,critical
33,649,16,not-critical
33,649,16,not-critical
33,649,16,not-critical
33,649,16,not-critical
33,649,16,not-critical
33,649,16,critical
33,649,16,critical
33,649,16,critical
33,649,16,critical
33,649,16,not-critical
33,649,16,critical
33,649,16,critical
33,649,16,not-critical
33,649,16,not-critical
33,649,16,critical
33,649,16,critical
33,649,16,not-critical
33,649,16,critical
33,649,16,critical
33,649,16,critical
33,649,16,not-critical
33,649,16,critical
33,649,16,critical
33,649,16,not-critical
33,649,16,critical
33,649,16,critical
33,649,16,critical
33,649,16,critical
33,649,16,not-critical
33,649,16,not-critical
33,649,16,not-critical
33,649,16,not-critical
33,649,16,critical
33,649,16,critical
33,649,16,critical
33,649,16,critical
33,649,16,critical
33,649,16,not-critical
33,649,16,not-critical
33,649,16,not-critical
33,649,16,critical
33,649,16,not-critical
33,649,16,not-critical
33,649,16,critical
33,649,16,critical
33,649,16,not-critical
33,649,16,not-critical
33,649,16,critical
33,649,16,critical
33,649,16,critical
33,649,16,critical
33,649,16,not-critical
33,649,16,not-critical
33,649,16,not-critical
33,649,16,critical
33,649,16,not-critical
33,649,16,critical
33,649,16,critical
33,661,16,critical
33,661,16,not-critical
33,661,16,not-critical
33,661,16,critical
33,661,16,not-critical
33,661,16,not-critical
33,661,16,critical
33,661,16,critical
33,661,16,not-critical
33,661,16,critical
33,661,16,critical
33,661,16,not-critical
33,661,16,critical
33,661,16,critical
33,661,16,critical
33,661,16,not-critical
33,661,16,not-critical
33,661,16,critical
33,661,16,not-critical
33,661,16,critical
33,661,16,critical
33,661,16,critical
33,661,16,critical
33,661,16,critical
33,661,16,critical
33,661,16,not-critical
33,661,16,not-critical
33,661,16,critical
33,661,16,critical
33,661,16,critical
33,661,16,critical
33,661,16,not-critical
33,661,16,not-critical
33,661,16,not-critical
33,661,16,critical
33,661,16,critical
33,661,16,critical
33,661,16,critical
33,661,16,critical
33,661,16,not-critical
33,661,16,not-critical
33,661,16,not-critical
33,661,16,not-critical
33,661,16,critical
33,661,16,not-critical
33,661,16,critical
33,661,16,critical
33,661,16,not-critical
33,661,16,not-critical
33,661,16,critical
33,661,16,not-critical
33,661,16,not-critical
33,661,16,critical
33,661,16,not-critical
33,661,16,critical
33,661,16,critical
33,661,16,critical
33,661,16,not-critical
33,661,16,critical
33,661,16,not-critical
33,661,16,not-critical
33,661,16,critical
33,661,16,not-critical
33,661,16,critical
33,661,16,critical
33,661,16,not-critical
33,661,16,not-critical
33,661,16,not-critical
33,661,16,critical
33,661,16,not-critical
33,661,16,not-critical
33,661,16,critical
33,661,16,critical
33,661,16,not-critical
33,661,16,critical
33,661,16,critical
33,661,16,critical
33,661,16,not-critical
33,661,16,critical
33,661,16,critical
33,661,16,not-critical
33,661,16,critical
33,661,16,not-critical
33,661,16,not-critical
33,661,16,critical
33,661,16,not-critical
33,661,16,critical
33,661,16,critical
33,661,16,not-critical
33,661,16,critical
33,661,16,critical
33,661,16,critical
33,661,16,not-critical
33,661,16,critical
33,661,16,not-critical
33,661,16,critical
33,661,16,not-critical
33,661,16,critical
33,661,16,critical
33,661,16,not-critical
33,661,16,not-critical
33,661,16,critical
33,661,16,critical
33,661,16,not-critical
33,661,16,critical
33,661,16,critical
33,661,16,critical
33,661,16,critical
33,661,16,not-critical
33,661,16,critical
33,661,16,critical
33,661,16,not-critical
33,661,16,critical
33,661,16,critical
33,661,16,critical
33,661,16,critical
33,661,16,not-critical
33,661,16,not-critical
33,661,16,critical
33,661,16,critical
33,661,16,critical
33,661,16,critical
33,661,16,critical
33,661,16,critical
33,661,16,not-critical
33,661,16,not-critical
33,661,16,critical
33,661,16,critical
33,661,16,critical
33,661,16,critical
33,661,16,critical
33,661,16,not-critical
33,661,16,critical
33,661,16,critical
33,661,16,critical
33,661,16,critical
33,661,16,critical
33,661,16,critical
33,661,16,critical
33,661,16,not-critical
33,661,16,critical
33,661,16,critical
33,661,16,critical
33,661,16,critical
33,661,16,critical
33,661,16,critical
33,661,16,not-critical
33,661,16,critical
33,661,16,critical
33,661,16,critical
33,661,16,not-critical
33,661,16,not-critical
33,661,16,critical
33,661,16,critical
33,661,16,critical
33,661,16,not-critical
33,661,16,not-critical
33,661,16,critical
33,661,16,critical
33,661,16,not-critical
33,661,16,critical
33,661,16,critical
33,661,16,not-critical
33,661,16,critical
33,661,16,not-critical
33,661,16,critical
33,661,16,critical
33,661,16,not-critical
33,661,16,critical
33,661,16,critical
33,661,16,not-critical
33,661,16,critical
33,661,16,not-critical
33,661,16,critical
33,661,16,critical
33,661,16,not-critical
33,661,16,not-critical
33,661,16,critical
33,661,16,critical
33,661,16,not-critical
33,661,16,critical
33,661,16,not-critical
33,661,16,critical
33,661,16,not-critical
33,661,16,critical
33,661,16,not-critical
33,661,16,critical
33,661,16,not-critical
33,661,16,critical
33,661,16,critical
33,661,16,critical
33,661,16,critical
33,661,16,not-critical
33,661,16,critical
33,661,16,critical
33,661,16,not-critical
33,661,16,critical
33,661,16,critical
33,661,16,critical
33,661,16,critical
33,661,16,not-critical
33,661,16,not-critical
33,661,16,critical
33,661,16,critical
33,661,16,critical
33,661,16,not-critical
33,661,16,critical
33,661,16,critical
33,661,16,not-critical
33,661,16,not-critical
33,661,16,critical
33,661,16,critical
33,661,16,critical
33,661,16,critical
33,661,16,critical
33,661,16,not-critical
33,661,16,not-critical
33,661,16,critical
33,661,16,critical
33,661,16,not-critical
33,661,16,critical
33,661,16,not-critical
33,661,16,critical
33,661,16,not-critical
33,661,16,critical
33,621,16,not-critical
33,621,16,critical
33,621,16,not-critical
33,621,16,critical
33,621,16,critical
33,621,16,critical
33,621,16,critical
33,621,16,critical
33,621,16,critical
33,621,16,not-critical
33,621,16,critical
33,621,16,not-critical
33,621,16,critical
33,621,16,not-critical
33,621,16,critical
33,621,16,critical
33,621,16,critical
33,621,16,critical
33,621,16,critical
33,621,16,not-critical
33,621,16,not-critical
33,621,16,not-critical
33,621,16,critical
33,621,16,critical
33,621,16,critical
33,621,16,critical
33,621,16,critical
33,621,16,critical
33,621,16,critical
33,621,16,critical
33,621,16,critical
33,621,16,critical
33,621,16,not-critical
33,621,16,critical
33,621,16,critical
33,621,16,critical
33,621,16,not-critical
33,621,16,not-critical
33,621,16,critical
33,621,16,not-critical
33,621,16,critical
33,621,16,not-critical
33,621,16,not-critical
33,621,16,critical
33,621,16,critical
33,621,16,critical
33,621,16,not-critical
33,621,16,not-critical
33,621,16,not-critical
33,621,16,critical
33,621,16,not-critical
33,621,16,not-critical
33,621,16,not-critical
33,621,16,critical
33,621,16,critical
33,621,16,not-critical
33,621,16,not-critical
33,621,16,critical
33,621,16,critical
33,621,16,not-critical
33,621,16,critical
33,621,16,not-critical
33,621,16,critical
33,621,16,critical
33,621,16,not-critical
33,621,16,critical
33,621,16,critical
33,621,16,critical
33,621,16,critical
33,621,16,critical
33,621,16,critical
33,621,16,critical
33,621,16,critical
33,621,16,not-critical
33,621,16,not-critical
33,621,16,not-critical
33,621,16,critical
33,621,16,critical
33,621,16,not-critical
33,621,16,critical
33,621,16,critical
33,621,16,critical
33,621,16,not-critical
33,621,16,critical
33,621,16,critical
33,621,16,critical
33,621,16,not-critical
33,621,16,not-critical
33,621,16,not-critical
33,621,16,critical
33,621,16,not-critical
33,621,16,critical
33,621,16,not-critical
33,621,16,critical
33,621,16,critical
33,621,16,not-critical
33,621,16,not-critical
33,621,16,critical
33,621,16,critical
33,621,16,critical
33,621,16,not-critical
33,621,16,not-critical
33,621,16,critical
33,621,16,critical
33,621,16,critical
33,621,16,not-critical
33,621,16,not-critical
33,621,16,not-critical
33,621,16,critical
33,621,16,not-critical
33,621,16,not-critical
33,621,16,critical
33,621,16,critical
33,621,16,critical
33,621,16,not-critical
33,621,16,not-critical
33,621,16,not-critical
33,621,16,not-critical
33,621,16,not-critical
33,621,16,critical
33,621,16,critical
33,621,16,critical
33,621,16,critical
33,621,16,critical
33,621,16,not-critical
33,621,16,critical
33,621,16,critical
33,621,16,critical
33,621,16,critical
33,621,16,critical
33,621,16,critical
33,621,16,critical
33,621,16,not-critical
33,621,16,not-critical
33,621,16,critical
33,621,16,critical
33,621,16,not-critical
33,621,16,not-critical
33,621,16,critical
33,621,16,critical
33,621,16,critical
33,621,16,critical
33,621,16,not-critical
33,621,16,critical
33,621,16,not-critical
33,621,16,not-critical
33,621,16,critical
33,621,16,critical
33,621,16,critical
33,621,16,not-critical
33,621,16,not-critical
33,621,16,not-critical
33,621,16,critical
33,621,16,critical
33,621,16,critical
33,621,16,critical
33,621,16,critical
33,621,16,not-critical
33,621,16,not-critical
33,621,16,not-critical
33,621,16,not-critical
33,621,16,critical
33,621,16,not-critical
33,621,16,critical
33,621,16,critical
33,621,16,critical
33,621,16,not-critical
33,621,16,critical
33,621,16,critical
33,621,16,not-critical
33,621,16,not-critical
33,621,16,critical
33,621,16,critical
33,621,16,not-critical
33,621,16,critical
33,621,16,critical
33,621,16,not-critical
33,621,16,critical
33,621,16,not-critical
33,621,16,not-critical
33,621,16,not-critical
33,621,16,critical
33,621,16,critical
33,621,16,not-critical
33,621,16,not-critical
33,621,16,not-critical
33,621,16,critical
33,621,16,critical
33,621,16,critical
33,621,16,not-critical
33,621,16,critical
33,621,16,not-critical
33,621,16,critical
33,621,16,not-critical
33,621,16,not-critical
33,621,16,not-critical
33,621,16,critical
33,621,16,not-critical
33,621,16,not-critical
33,621,16,critical
33,621,16,critical
33,621,16,critical
33,621,16,not-critical
33,621,16,critical
33,621,16,not-critical
33,621,16,critical
33,621,16,not-critical
33,621,16,critical
33,621,16,critical
33,621,16,not-critical
33,621,16,critical
33,621,16,critical
33,621,16,not-critical
33,621,16,critical
33,621,16,not-critical
33,621,16,critical
33,621,16,critical
33,621,16,critical
33,621,16,not-critical
33,621,16,critical
33,621,16,critical
33,621,16,critical
33,621,16,critical
33,621,16,not-critical
33,621,16,not-critical
33,609,16,not-critical
33,609,16,critical
33,609,16,critical
33,609,16,not-critical
33,609,16,critical
33,609,16,not-critical
33,609,16,critical
33,609,16,critical
33,609,16,not-critical
33,609,16,critical
33,609,16,critical
33,609,16,critical
33,609,16,critical
33,609,16,critical
33,609,16,critical
33,609,16,critical
33,609,16,not-critical
33,609,16,not-critical
33,609,16,not-critical
33,609,16,not-critical
33,609,16,critical
33,609,16,critical
33,609,16,not-critical
33,609,16,not-critical
33,609,16,critical
33,609,16,not-critical
33,609,16,not-critical
33,609,16,not-critical
33,609,16,not-critical
33,609,16,critical
33,609,16,critical
33,609,16,not-critical
33,609,16,critical
33,609,16,critical
33,609,16,not-critical
33,609,16,not-critical
33,609,16,not-critical
33,609,16,not-critical
33,609,16,critical
33,609,16,critical
33,609,16,not-critical
33,609,16,not-critical
33,609,16,critical
33,609,16,not-critical
33,609,16,critical
33,609,16,critical
33,609,16,not-critical
33,609,16,not-critical
33,609,16,critical
33,609,16,critical
33,609,16,critical
33,609,16,critical
33,609,16,critical
33,609,16,not-critical
33,609,16,critical
33,609,16,critical
33,609,16,not-critical
33,609,16,critical
33,609,16,not-critical
33,609,16,critical
33,609,16,critical
33,609,16,not-critical
33,609,16,not-critical
33,609,16,critical
33,609,16,not-critical
33,609,16,critical
33,609,16,not-critical
33,609,16,not-critical
33,609,16,not-critical
33,609,16,not-critical
33,609,16,critical
33,609,16,critical
33,609,16,not-critical
33,609,16,critical
33,609,16,critical
33,609,16,critical
33,609,16,not-critical
33,609,16,not-critical
33,609,16,critical
33,609,16,not-critical
33,609,16,critical
33,609,16,critical
33,609,16,critical
33,609,16,critical
33,609,16,not-critical
33,609,16,not-critical
33,609,16,not-critical
33,609,16,not-critical
33,609,16,critical
33,609,16,critical
33,609,16,not-critical
33,609,16,not-critical
33,609,16,critical
33,609,16,critical
33,609,16,critical
33,609,16,critical
33,609,16,not-critical
33,609,16,critical
33,609,16,not-critical
33,609,16,critical
33,609,16,critical
33,609,16,critical
33,609,16,not-critical
33,609,16,not-critical
33,609,16,critical
33,609,16,not-critical
33,609,16,critical
33,609,16,critical
33,609,16,critical
33,609,16,critical
33,609,16,critical
33,609,16,not-critical
33,609,16,critical
33,609,16,critical
33,609,16,not-critical
33,609,16,critical
33,609,16,critical
33,609,16,critical
33,609,16,critical
33,609,16,not-critical
33,609,16,not-critical
33,609,16,critical
33,609,16,critical
33,609,16,critical
33,609,16,not-critical
33,609,16,critical
33,609,16,critical
33,609,16,critical
33,609,16,critical
33,609,16,critical
33,609,16,not-critical
33,609,16,not-critical
33,609,16,critical
33,609,16,critical
33,609,16,not-critical
33,609,16,critical
33,609,16,not-critical
33,609,16,not-critical
33,609,16,critical
33,609,16,critical
33,609,16,critical
33,609,16,not-critical
33,609,16,not-critical
33,609,16,not-critical
33,609,16,critical
33,609,16,not-critical
33,609,16,critical
33,609,16,critical
33,609,16,critical
33,609,16,critical
33,609,16,not-critical
33,609,16,critical
33,609,16,critical
33,609,16,critical
33,609,16,critical
33,609,16,not-critical
33,609,16,critical
33,609,16,critical
33,609,16,critical
33,609,16,not-critical
33,609,16,critical
33,609,16,critical
33,609,16,not-critical
33,609,16,critical
33,609,16,critical
33,609,16,not-critical
33,609,16,not-critical
33,609,16,not-critical
33,609,16,not-critical
33,609,16,critical
33,609,16,critical
33,609,16,critical
33,609,16,critical
33,609,16,critical
33,609,16,not-critical
33,609,16,not-critical
33,609,16,not-critical
33,609,16,not-critical
33,609,16,not-critical
33,609,16,critical
33,609,16,critical
33,609,16,not-critical
33,609,16,critical
33,609,16,critical
33,609,16,not-critical
33,609,16,critical
33,609,16,critical
33,609,16,not-critical
33,609,16,critical
33,609,16,critical
33,609,16,not-critical
33,609,16,not-critical
33,609,16,not-critical
33,609,16,critical
33,609,16,not-critical
33,609,16,critical
33,609,16,critical
33,609,16,not-critical
33,609,16,critical
33,609,16,not-critical
33,609,16,critical
33,609,16,critical
33,609,16,not-critical
33,609,16,not-critical
33,609,16,critical
33,609,16,critical
33,609,16,critical
33,609,16,critical
33,609,16,critical
33,609,16,not-critical
33,609,16,critical
33,609,16,critical
33,609,16,critical
33,609,16,not-critical
33,609,16,critical
33,609,16,not-critical
33,609,16,not-critical
33,609,16,critical
33,609,16,not-critical
33,609,16,critical
33,609,16,not-critical
33,609,16,not-critical
33,609,16,critical
33,609,16,not-critical
33,609,16,not-critical
33,623,18,critical
33,623,18,critical
33,623,18,critical
33,623,18,critical
33,623,18,not-critical
33,623,18,critical
33,623,18,critical
33,623,18,not-critical
33,623,18,critical
33,623,18,not-critical
33,623,18,not-critical
33,623,18,not-critical
33,623,18,critical
33,623,18,critical
33,623,18,critical
33,623,18,critical
33,623,18,critical
33,623,18,critical
33,623,18,critical
33,623,18,not-critical
33,623,18,critical
33,623,18,not-critical
33,623,18,critical
33,623,18,not-critical
33,623,18,critical
33,623,18,critical
33,623,18,critical
33,623,18,critical
33,623,18,not-critical
33,623,18,critical
33,623,18,critical
33,623,18,not-critical
33,623,18,critical
33,623,18,critical
33,623,18,critical
33,623,18,not-critical
33,623,18,critical
33,623,18,critical
33,623,18,not-critical
33,623,18,critical
33,623,18,critical
33,623,18,critical
33,623,18,critical
33,623,18,not-critical
33,623,18,not-critical
33,623,18,not-critical
33,623,18,not-critical
33,623,18,critical
33,623,18,critical
33,623,18,critical
33,623,18,critical
33,623,18,not-critical
33,623,18,critical
33,623,18,critical
33,623,18,critical
33,623,18,critical
33,623,18,critical
33,623,18,critical
33,623,18,not-critical
33,623,18,critical
33,623,18,not-critical
33,623,18,critical
33,623,18,critical
33,623,18,not-critical
33,623,18,critical
33,623,18,critical
33,623,18,critical
33,623,18,critical
33,623,18,critical
33,623,18,not-critical
33,623,18,critical
33,623,18,critical
33,623,18,not-critical
33,623,18,not-critical
33,623,18,critical
33,623,18,not-critical
33,623,18,critical
33,623,18,critical
33,623,18,critical
33,623,18,critical
33,623,18,critical
33,623,18,not-critical
33,623,18,critical
33,623,18,not-critical
33,623,18,not-critical
33,623,18,not-critical
33,623,18,critical
33,623,18,critical
33,623,18,not-critical
33,623,18,critical
33,623,18,critical
33,623,18,critical
33,623,18,not-critical
33,623,18,not-critical
33,623,18,critical
33,623,18,critical
33,623,18,critical
33,623,18,not-critical
33,623,18,critical
33,623,18,critical
33,623,18,critical
33,623,18,not-critical
33,623,18,not-critical
33,623,18,not-critical
33,623,18,critical
33,623,18,critical
33,623,18,not-critical
33,623,18,not-critical
33,623,18,not-critical
33,623,18,not-critical
33,623,18,not-critical
33,623,18,critical
33,623,18,not-critical
33,623,18,critical
33,623,18,not-critical
33,623,18,not-critical
33,623,18,not-critical
33,623,18,not-critical
33,623,18,critical
33,623,18,not-critical
33,623,18,not-critical
33,623,18,critical
33,623,18,critical
33,623,18,not-critical
33,623,18,not-critical
33,623,18,not-critical
33,623,18,not-critical
33,623,18,critical
33,623,18,critical
33,623,18,critical
33,623,18,not-critical
33,623,18,critical
33,623,18,critical
33,623,18,critical
33,623,18,critical
33,623,18,critical
33,623,18,not-critical
33,623,18,critical
33,623,18,critical
33,623,18,critical
33,623,18,not-critical
33,623,18,critical
33,623,18,not-critical
33,623,18,critical
33,623,18,not-critical
33,623,18,not-critical
33,623,18,critical
33,623,18,not-critical
33,623,18,critical
33,623,18,critical
33,623,18,critical
33,623,18,not-critical
33,623,18,not-critical
33,623,18,critical
33,623,18,critical
33,623,18,not-critical
33,623,18,critical
33,623,18,critical
33,623,18,not-critical
33,623,18,critical
33,623,18,not-critical
33,623,18,not-critical
33,623,18,not-critical
33,623,18,critical
33,623,18,critical
33,623,18,critical
33,623,18,not-critical
33,623,18,not-critical
33,623,18,not-critical
33,623,18,not-critical
33,623,18,not-critical
33,623,18,critical
33,623,18,critical
33,623,18,critical
33,623,18,not-critical
33,623,18,not-critical
33,623,18,not-critical
33,623,18,critical
33,623,18,critical
33,623,18,critical
33,623,18,critical
33,623,18,not-critical
33,623,18,critical
33,623,18,critical
33,623,18,not-critical
33,623,18,not-critical
33,623,18,critical
33,623,18,not-critical
33,623,18,not-critical
33,623,18,not-critical
33,623,18,not-critical
33,623,18,critical
33,623,18,critical
33,623,18,critical
33,623,18,not-critical
33,623,18,not-critical
33,623,18,critical
33,623,18,critical
33,623,18,critical
33,623,18,critical
33,644,17,critical
33,644,17,not-critical
33,644,17,critical
33,644,17,critical
33,644,17,critical
33,644,17,not-critical
33,644,17,critical
33,644,17,critical
33,644,17,not-critical
33,644,17,critical
33,644,17,critical
33,644,17,critical
33,644,17,critical
33,644,17,not-critical
33,644,17,critical
33,644,17,critical
33,644,17,critical
33,644,17,critical
33,644,17,critical
33,644,17,not-critical
33,644,17,critical
33,644,17,not-critical
33,644,17,not-critical
33,644,17,critical
33,644,17,critical
33,644,17,critical
33,644,17,critical
33,644,17,critical
33,644,17,critical
33,644,17,critical
33,644,17,critical
33,644,17,not-critical
33,644,17,not-critical
33,644,17,not-critical
33,644,17,critical
33,644,17,critical
33,644,17,critical
33,644,17,not-critical
33,644,17,not-critical
33,644,17,critical
33,644,17,not-critical
33,644,17,critical
33,644,17,critical
33,644,17,critical
33,644,17,critical
33,644,17,critical
33,644,17,not-critical
33,644,17,critical
33,644,17,critical
33,644,17,not-critical
33,644,17,critical
33,644,17,not-critical
33,644,17,critical
33,644,17,critical
33,644,17,critical
33,644,17,not-critical
33,644,17,not-critical
33,644,17,critical
33,644,17,not-critical
33,644,17,critical
33,644,17,not-critical
33,644,17,critical
33,644,17,critical
33,644,17,critical
33,644,17,critical
33,644,17,critical
33,644,17,not-critical
33,644,17,critical
33,644,17,critical
33,644,17,not-critical
33,644,17,critical
33,644,17,not-critical
33,644,17,critical
33,644,17,critical
33,644,17,critical
33,644,17,critical
33,644,17,critical
33,644,17,critical
33,644,17,critical
33,644,17,not-critical
33,644,17,critical
33,644,17,not-critical
33,644,17,critical
33,644,17,critical
33,644,17,critical
33,644,17,critical
33,644,17,not-critical
33,644,17,not-critical
33,644,17,critical
33,644,17,not-critical
33,644,17,critical
33,644,17,critical
33,644,17,not-critical
33,644,17,critical
33,644,17,critical
33,644,17,critical
33,644,17,critical
33,644,17,not-critical
33,644,17,critical
33,644,17,not-critical
33,644,17,not-critical
33,644,17,not-critical
33,644,17,not-critical
33,644,17,critical
33,644,17,not-critical
33,644,17,critical
33,644,17,critical
33,644,17,critical
33,644,17,not-critical
33,644,17,critical
33,644,17,not-critical
33,644,17,critical
33,644,17,critical
33,644,17,critical
33,644,17,not-critical
33,644,17,critical
33,644,17,critical
33,644,17,critical
33,644,17,critical
33,644,17,critical
33,644,17,critical
33,644,17,critical
33,644,17,not-critical
33,644,17,critical
33,644,17,critical
33,644,17,not-critical
33,644,17,not-critical
33,644,17,critical
33,644,17,not-critical
33,644,17,critical
33,644,17,critical
33,644,17,critical
33,644,17,not-critical
33,644,17,critical
33,644,17,not-critical
33,644,17,not-critical
33,644,17,critical
33,644,17,critical
33,644,17,critical
33,644,17,not-critical
33,644,17,critical
33,644,17,critical
33,644,17,critical
33,644,17,not-critical
33,644,17,critical
33,644,17,critical
33,644,17,not-critical
33,644,17,critical
33,644,17,not-critical
33,644,17,critical
33,644,17,not-critical
33,644,17,not-critical
33,644,17,critical
33,644,17,not-critical
33,644,17,not-critical
33,644,17,critical
33,644,17,not-critical
33,644,17,not-critical
33,644,17,critical
33,644,17,not-critical
33,644,17,critical
33,644,17,critical
33,644,17,not-critical
33,644,17,critical
33,644,17,critical
33,644,17,critical
33,644,17,critical
33,644,17,not-critical
33,644,17,critical
33,644,17,critical
33,644,17,not-critical
33,644,17,critical
33,644,17,not-critical
33,644,17,not-critical
33,644,17,not-critical
33,644,17,critical
33,644,17,critical
33,644,17,critical
33,644,17,critical
33,644,17,critical
33,644,17,critical
33,644,17,critical
33,644,17,critical
33,644,17,not-critical
33,644,17,not-critical
33,644,17,critical
33,644,17,not-critical
33,644,17,critical
33,644,17,critical
33,644,17,not-critical
33,644,17,not-critical
33,644,17,not-critical
33,644,17,critical
33,644,17,critical
33,644,17,critical
33,644,17,critical
33,644,17,critical
33,644,17,critical
33,644,17,not-critical
33,644,17,not-critical
33,644,17,critical
33,644,17,critical
33,644,17,critical
33,644,17,critical
33,644,17,critical
33,644,17,not-critical
33,644,17,critical
33,644,17,critical
33,644,17,not-critical
33,644,17,critical
33,644,17,critical
33,644,17,not-critical
33,635,16,not-critical
33,635,16,critical
33,635,16,not-critical
33,635,16,not-critical
33,635,16,critical
33,635,16,critical
33,635,16,not-critical
33,635,16,not-critical
33,635,16,critical
33,635,16,critical
33,635,16,critical
33,635,16,critical
33,635,16,critical
33,635,16,critical
33,635,16,critical
33,635,16,critical
33,635,16,not-critical
33,635,16,critical
33,635,16,critical
33,635,16,not-critical
33,635,16,critical
33,635,16,critical
33,635,16,not-critical
33,635,16,critical
33,635,16,not-critical
33,635,16,critical
33,635,16,critical
33,635,16,critical
33,635,16,critical
33,635,16,critical
33,635,16,not-critical
33,635,16,critical
33,635,16,critical
33,635,16,critical
33,635,16,critical
33,635,16,not-critical
33,635,16,critical
33,635,16,critical
33,635,16,not-critical
33,635,16,not-critical
33,635,16,critical
33,635,16,not-critical
33,635,16,not-critical
33,635,16,not-critical
33,635,16,not-critical
33,635,16,critical
33,635,16,critical
33,635,16,critical
33,635,16,not-critical
33,635,16,critical
33,635,16,not-critical
33,635,16,critical
33,635,16,not-critical
33,635,16,critical
33,635,16,not-critical
33,635,16,not-critical
33,635,16,critical
33,635,16,critical
33,635,16,critical
33,635,16,critical
33,635,16,critical
33,635,16,critical
33,635,16,not-critical
33,635,16,critical
33,635,16,not-critical
33,635,16,critical
33,635,16,not-critical
33,635,16,not-critical
33,635,16,not-critical
33,635,16,not-critical
33,635,16,critical
33,635,16,not-critical
33,635,16,critical
33,635,16,critical
33,635,16,not-critical
33,635,16,critical
33,635,16,critical
33,635,16,critical
33,635,16,not-critical
33,635,16,not-critical
33,635,16,not-critical
33,635,16,not-critical
33,635,16,critical
33,635,16,not-critical
33,635,16,not-critical
33,635,16,critical
33,635,16,not-critical
33,635,16,not-critical
33,635,16,critical
33,635,16,critical
33,635,16,not-critical
33,635,16,not-critical
33,635,16,critical
33,635,16,not-critical
33,635,16,not-critical
33,635,16,not-critical
33,635,16,not-critical
33,635,16,critical
33,635,16,critical
33,635,16,not-critical
33,635,16,not-critical
33,635,16,critical
33,635,16,not-critical
33,635,16,critical
33,635,16,not-critical
33,635,16,not-critical
33,635,16,not-critical
33,635,16,critical
33,635,16,critical
33,635,16,critical
33,635,16,critical
33,635,16,not-critical
33,635,16,critical
33,635,16,critical
33,635,16,critical
33,635,16,critical
33,635,16,not-critical
33,635,16,not-critical
33,635,16,critical
33,635,16,critical
33,635,16,critical
33,635,16,not-critical
33,635,16,critical
33,635,16,not-critical
33,635,16,critical
33,635,16,critical
33,635,16,critical
33,635,16,critical
33,635,16,critical
33,635,16,critical
33,635,16,critical
33,635,16,not-critical
33,635,16,critical
33,635,16,critical
33,635,16,critical
33,635,16,not-critical
33,635,16,critical
33,635,16,critical
33,635,16,critical
33,635,16,not-critical
33,635,16,critical
33,635,16,not-critical
33,635,16,critical
33,635,16,critical
33,635,16,not-critical
33,635,16,critical
33,635,16,critical
33,635,16,critical
33,635,16,not-critical
33,635,16,critical
33,635,16,critical
33,635,16,critical
33,635,16,critical
33,635,16,critical
33,635,16,critical
33,635,16,critical
33,635,16,critical
33,635,16,critical
33,635,16,not-critical
33,635,16,not-critical
33,635,16,critical
33,635,16,critical
33,635,16,not-critical
33,635,16,not-critical
33,635,16,critical
33,635,16,critical
33,635,16,not-critical
33,635,16,not-critical
33,635,16,critical
33,635,16,critical
33,635,16,not-critical
33,635,16,not-critical
33,635,16,not-critical
33,635,16,critical
33,635,16,not-critical
33,635,16,critical
33,635,16,critical
33,635,16,critical
33,635,16,not-critical
33,635,16,critical
33,635,16,not-critical
33,635,16,not-critical
33,635,16,not-critical
33,635,16,critical
33,635,16,critical
33,635,16,critical
33,635,16,critical
33,635,16,critical
33,635,16,not-critical
33,635,16,critical
33,635,16,critical
33,635,16,critical
33,635,16,critical
33,635,16,critical
33,635,16,not-critical
33,635,16,critical
33,635,16,not-critical
33,635,16,critical
33,635,16,critical
33,635,16,not-critical
33,635,16,not-critical
33,635,16,critical
33,635,16,not-critical
33,635,16,not-critical
33,635,16,critical
33,635,16,critical
33,635,16,critical
33,635,16,not-critical
33,635,16,not-critical
33,635,16,not-critical
33,635,16,not-critical
33,635,16,critical
33,635,16,critical
33,635,16,not-critical
33,635,16,critical
33,635,16,critical
33,635,16,critical
33,635,16,critical
33,635,16,critical
33,635,16,critical
33,635,16,not-critical
33,635,16,critical
33,635,16,critical
33,635,16,critical
33,635,16,critical
